-- phpMyAdmin SQL Dump
-- version 4.5.1
-- http://www.phpmyadmin.net
--
-- Host: 127.0.0.1
-- Generation Time: Dec 10, 2015 at 04:47 AM
-- Server version: 10.1.8-MariaDB-log
-- PHP Version: 5.6.14

SET SQL_MODE = "NO_AUTO_VALUE_ON_ZERO";
SET time_zone = "+00:00";


/*!40101 SET @OLD_CHARACTER_SET_CLIENT=@@CHARACTER_SET_CLIENT */;
/*!40101 SET @OLD_CHARACTER_SET_RESULTS=@@CHARACTER_SET_RESULTS */;
/*!40101 SET @OLD_COLLATION_CONNECTION=@@COLLATION_CONNECTION */;
/*!40101 SET NAMES utf8mb4 */;

--
-- Database: `traigiam`
--

-- --------------------------------------------------------

--
-- Table structure for table `nv4_forum_forum`
--

CREATE TABLE `nv4_forum_forum` (
  `node_id` int(10) UNSIGNED NOT NULL,
  `discussion_count` int(10) UNSIGNED NOT NULL DEFAULT '0',
  `message_count` int(10) UNSIGNED NOT NULL DEFAULT '0',
  `last_post_id` int(10) UNSIGNED NOT NULL DEFAULT '0' COMMENT 'Most recent post_id',
  `last_post_date` int(10) UNSIGNED NOT NULL DEFAULT '0' COMMENT 'Date of most recent post',
  `last_post_user_id` int(10) UNSIGNED NOT NULL DEFAULT '0' COMMENT 'User_id of user posting most recently',
  `last_post_username` varchar(50) NOT NULL DEFAULT '' COMMENT 'Username of most recently-posting user',
  `last_thread_title` varchar(150) NOT NULL DEFAULT '' COMMENT 'Title of thread most recent post is in',
  `moderate_threads` tinyint(3) UNSIGNED NOT NULL DEFAULT '0',
  `moderate_replies` tinyint(3) UNSIGNED NOT NULL DEFAULT '0',
  `allow_posting` tinyint(3) UNSIGNED NOT NULL DEFAULT '1',
  `allow_poll` tinyint(3) UNSIGNED NOT NULL DEFAULT '1',
  `count_messages` tinyint(3) UNSIGNED NOT NULL DEFAULT '1' COMMENT 'If not set, messages posted (directly) within this forum will not contribute to user message totals.',
  `find_new` tinyint(3) UNSIGNED NOT NULL DEFAULT '1' COMMENT 'Include posts from this forum when running /find-new/threads',
  `prefix_cache` mediumblob NOT NULL COMMENT 'Serialized data from xf_forum_prefix, [group_id][prefix_id] => prefix_id',
  `default_prefix_id` int(10) UNSIGNED NOT NULL DEFAULT '0',
  `default_sort_order` varchar(25) NOT NULL DEFAULT 'last_post_date',
  `default_sort_direction` varchar(5) NOT NULL DEFAULT 'desc',
  `list_date_limit_days` smallint(5) UNSIGNED NOT NULL DEFAULT '0',
  `require_prefix` tinyint(3) UNSIGNED NOT NULL DEFAULT '0',
  `allowed_watch_notifications` varchar(10) NOT NULL DEFAULT 'all'
) ENGINE=InnoDB DEFAULT CHARSET=utf8;

--
-- Dumping data for table `nv4_forum_forum`
--

INSERT INTO `nv4_forum_forum` (`node_id`, `discussion_count`, `message_count`, `last_post_id`, `last_post_date`, `last_post_user_id`, `last_post_username`, `last_thread_title`, `moderate_threads`, `moderate_replies`, `allow_posting`, `allow_poll`, `count_messages`, `find_new`, `prefix_cache`, `default_prefix_id`, `default_sort_order`, `default_sort_direction`, `list_date_limit_days`, `require_prefix`, `allowed_watch_notifications`) VALUES
(7, 0, 0, 0, 0, 0, '', '', 0, 0, 1, 1, 1, 1, '', 0, 'last_post_date', 'desc', 0, 0, 'all'),
(8, 0, 0, 0, 0, 0, '', '', 0, 0, 1, 1, 1, 1, '', 0, 'last_post_date', 'desc', 0, 0, 'all'),
(9, 0, 0, 0, 0, 0, '', '', 0, 0, 1, 1, 1, 1, '', 0, 'last_post_date', 'desc', 0, 0, 'all'),
(10, 0, 0, 0, 0, 0, '', '', 0, 0, 1, 1, 1, 1, '', 0, 'last_post_date', 'desc', 0, 0, 'all'),
(11, 0, 0, 0, 0, 0, '', '', 0, 0, 1, 1, 1, 1, '', 0, 'last_post_date', 'desc', 0, 0, 'all'),
(12, 0, 0, 0, 0, 0, '', '', 0, 0, 1, 1, 1, 1, '', 0, 'last_post_date', 'desc', 0, 0, 'all');

-- --------------------------------------------------------

--
-- Table structure for table `nv4_forum_forum_prefix`
--

CREATE TABLE `nv4_forum_forum_prefix` (
  `node_id` int(10) UNSIGNED NOT NULL,
  `prefix_id` int(10) UNSIGNED NOT NULL
) ENGINE=InnoDB DEFAULT CHARSET=utf8;

-- --------------------------------------------------------

--
-- Table structure for table `nv4_forum_forum_read`
--

CREATE TABLE `nv4_forum_forum_read` (
  `forum_read_id` int(10) UNSIGNED NOT NULL,
  `user_id` int(10) UNSIGNED NOT NULL,
  `node_id` int(10) UNSIGNED NOT NULL,
  `forum_read_date` int(10) UNSIGNED NOT NULL
) ENGINE=InnoDB DEFAULT CHARSET=utf8;

-- --------------------------------------------------------

--
-- Table structure for table `nv4_forum_forum_watch`
--

CREATE TABLE `nv4_forum_forum_watch` (
  `user_id` int(10) UNSIGNED NOT NULL,
  `node_id` int(10) UNSIGNED NOT NULL,
  `notify_on` enum('','thread','message') NOT NULL,
  `send_alert` tinyint(3) UNSIGNED NOT NULL,
  `send_email` tinyint(3) UNSIGNED NOT NULL
) ENGINE=InnoDB DEFAULT CHARSET=utf8;

-- --------------------------------------------------------

--
-- Table structure for table `nv4_forum_link_forum`
--

CREATE TABLE `nv4_forum_link_forum` (
  `node_id` int(10) UNSIGNED NOT NULL,
  `link_url` varchar(150) NOT NULL,
  `redirect_count` int(10) UNSIGNED NOT NULL DEFAULT '0'
) ENGINE=InnoDB DEFAULT CHARSET=utf8;

-- --------------------------------------------------------

--
-- Table structure for table `nv4_forum_moderator`
--

CREATE TABLE `nv4_forum_moderator` (
  `user_id` int(10) UNSIGNED NOT NULL,
  `is_super_moderator` tinyint(3) UNSIGNED NOT NULL,
  `moderator_permissions` mediumblob NOT NULL,
  `extra_user_group_ids` varbinary(255) NOT NULL
) ENGINE=InnoDB DEFAULT CHARSET=utf8;

-- --------------------------------------------------------

--
-- Table structure for table `nv4_forum_moderator_content`
--

CREATE TABLE `nv4_forum_moderator_content` (
  `moderator_id` int(10) UNSIGNED NOT NULL,
  `content_type` varbinary(25) NOT NULL,
  `content_id` int(10) UNSIGNED NOT NULL,
  `user_id` int(10) UNSIGNED NOT NULL,
  `moderator_permissions` mediumblob NOT NULL
) ENGINE=InnoDB DEFAULT CHARSET=utf8;

-- --------------------------------------------------------

--
-- Table structure for table `nv4_forum_moderator_log`
--

CREATE TABLE `nv4_forum_moderator_log` (
  `moderator_log_id` int(10) UNSIGNED NOT NULL,
  `log_date` int(10) UNSIGNED NOT NULL,
  `user_id` int(10) UNSIGNED NOT NULL,
  `ip_address` varbinary(16) NOT NULL DEFAULT '',
  `content_type` varbinary(25) NOT NULL,
  `content_id` int(10) UNSIGNED NOT NULL,
  `content_user_id` int(10) UNSIGNED NOT NULL,
  `content_username` varchar(50) NOT NULL,
  `content_title` varchar(150) NOT NULL,
  `content_url` text NOT NULL,
  `discussion_content_type` varchar(25) NOT NULL,
  `discussion_content_id` int(10) UNSIGNED NOT NULL,
  `action` varchar(25) NOT NULL,
  `action_params` mediumblob NOT NULL
) ENGINE=InnoDB DEFAULT CHARSET=utf8;

-- --------------------------------------------------------

--
-- Table structure for table `nv4_forum_node`
--

CREATE TABLE `nv4_forum_node` (
  `node_id` mediumint(8) UNSIGNED NOT NULL,
  `parent_id` mediumint(8) UNSIGNED NOT NULL DEFAULT '0',
  `title` varchar(250) DEFAULT NULL COMMENT 'tên chuyên mục',
  `alias` varchar(250) DEFAULT NULL COMMENT 'liên kết tĩnh',
  `description` text NOT NULL COMMENT 'mô tả chuyên mục',
  `image` varchar(250) NOT NULL DEFAULT '' COMMENT 'Hình ảnh chuyên mục',
  `password` varchar(50) NOT NULL DEFAULT '' COMMENT 'mật khẩu chuyên mục',
  `weight` smallint(4) UNSIGNED NOT NULL DEFAULT '0' COMMENT 'Thứ tự chuyên mục',
  `sort` mediumint(8) NOT NULL DEFAULT '0',
  `lev` smallint(4) NOT NULL DEFAULT '0',
  `node_type_id` varchar(20) NOT NULL DEFAULT '' COMMENT 'node=1, forum=2, forum_link=3, page=4',
  `numsubcat` int(11) NOT NULL DEFAULT '0' COMMENT 'Đếm số chuyên mục con',
  `subcatid` varchar(250) NOT NULL DEFAULT '' COMMENT 'ID của chuyên mục con',
  `status` tinyint(1) UNSIGNED NOT NULL DEFAULT '0' COMMENT 'Trạng thái chuyên mục',
  `date_added` int(11) UNSIGNED NOT NULL DEFAULT '0' COMMENT 'Ngày tạo chuyên mục',
  `date_modified` int(11) UNSIGNED NOT NULL DEFAULT '0' COMMENT 'Ngày cập nhật chuyên mục'
) ENGINE=InnoDB DEFAULT CHARSET=utf8;

--
-- Dumping data for table `nv4_forum_node`
--

INSERT INTO `nv4_forum_node` (`node_id`, `parent_id`, `title`, `alias`, `description`, `image`, `password`, `weight`, `sort`, `lev`, `node_type_id`, `numsubcat`, `subcatid`, `status`, `date_added`, `date_modified`) VALUES
(1, 0, 'Thông tin diễn đàn', 'thong-tin-dien-dan', 'Thông tin diễn đàn', '', '', 1, 1, 0, 'category', 2, '7,8', 1, 1448954751, 0),
(3, 0, 'Nukeviet 4', 'nukeviet-4', 'Nukeviet 4', '', '', 3, 8, 0, 'category', 3, '9,11,10', 1, 1448956050, 1448956050),
(4, 0, 'Nukeviet 3', 'nukeviet-3', 'Nukeviet 3', '', '', 2, 4, 0, 'category', 2, '12,13', 1, 1448956066, 1448956066),
(5, 0, 'Kiến Thức Web Tổng Hợp', 'kien-thuc-web-tong-hop', 'Kiến Thức Web Tổng Hợp', '', '', 4, 12, 0, 'category', 0, '', 1, 1448956108, 1448956108),
(7, 1, 'Nội Quy Diễn Đàn', 'noi-quy-dien-dan', 'Đọc kỹ&nbsp;<a href="http://nukeviet.vn/phpbb/viewforum.php?f=59">Quy định chung</a>&nbsp;trước khi tham gia diễn đàn. Hãy&nbsp;<a href="http://nukeviet.vn/phpbb/ucp.php?mode=register">Đăng ký tham gia diễn đàn</a>. Chỉ có thành viên đã&nbsp;<a href="http://nukeviet.vn/phpbb/ucp.php?mode=login">đăng nhập diễn đàn</a>&nbsp;mới có thể tải file. Nếu bạn gặp sự cố trong việc đăng ký, đăng nhập... thì có thể&nbsp;<a href="http://nukeviet.vn/vi/contact/">vào đây</a>&nbsp;để thông báo với BQT.', '', '123456', 1, 2, 1, 'forum', 0, '', 1, 0, 0),
(8, 1, 'Nhận xét - Góp ý cho Diễn đàn', 'nhan-xet-gop-y-cho-dien-dan', 'Tiếp nhận những nhận xét, góp ý của thành viên để tăng cường hiệu quả hoạt động cho diễn đàn. (Vui lòng không thảo luận về NukeViet tại đây)', '', '', 2, 3, 1, 'forum', 0, '', 1, 0, 0),
(9, 3, 'Hỗ trợ sử dụng', 'ho-tro-su-dung', 'Hỗ trợ và giải đáp các thắc mắc liên quan đến các module và thành phần có trong bản NukeViet mặc định và các module được tạo chuyên mục con.&nbsp;', '', '', 1, 9, 1, 'forum', 0, '', 1, 0, 0),
(10, 3, 'Phát triển', 'phat-trien', 'Nơi dành cho các thành viên phát triển Block, Module, Theme của mình trên nền NukeViet 4 có thể thảo luận, hỗ trợ code, rip, translate..', '', '', 3, 11, 1, 'forum', 0, '', 1, 0, 0),
(11, 3, 'Tài nguyên', 'tai-nguyen', 'Tài nguyên', '', '', 2, 10, 1, 'forum', 0, '', 1, 0, 0),
(12, 4, 'Hỗ trợ sử dụng', 'ho-tro-su-dung-nukeviet3', '', '', '', 1, 5, 1, 'forum', 1, '14', 1, 0, 0),
(13, 4, 'Phát triển', 'phat-trien-nukeviet3', 'Phát triển', '', '', 2, 7, 1, 'forum', 0, '', 1, 0, 0);

-- --------------------------------------------------------

--
-- Table structure for table `nv4_forum_permission`
--

CREATE TABLE `nv4_forum_permission` (
  `permission_id` varbinary(25) NOT NULL,
  `permission_group_id` varbinary(25) NOT NULL,
  `permission_type` enum('flag','integer') NOT NULL,
  `interface_group_id` varbinary(50) NOT NULL,
  `depend_permission_id` varbinary(25) NOT NULL,
  `display_order` int(10) UNSIGNED NOT NULL,
  `default_value` enum('allow','deny','unset') NOT NULL,
  `default_value_int` int(11) NOT NULL,
  `addon_id` varbinary(25) NOT NULL DEFAULT ''
) ENGINE=InnoDB DEFAULT CHARSET=utf8;

--
-- Dumping data for table `nv4_forum_permission`
--

INSERT INTO `nv4_forum_permission` (`permission_id`, `permission_group_id`, `permission_type`, `interface_group_id`, `depend_permission_id`, `display_order`, `default_value`, `default_value_int`, `addon_id`) VALUES
(0x616c69676e, 0x7369676e6174757265, 'flag', 0x7369676e61747572655065726d697373696f6e73, '', 30, 'unset', 0, 0x58656e466f726f),
(0x616c6c6f776564, 0x617661746172, 'flag', 0x6176617461725065726d697373696f6e73, '', 1, 'unset', 0, 0x58656e466f726f),
(0x616c77617973496e76697465, 0x636f6e766572736174696f6e, 'flag', 0x636f6e766572736174696f6e4d6f64657261746f725065726d697373696f6e73, '', 20, 'unset', 0, 0x58656e466f726f),
(0x617070726f7665556e617070726f7665, 0x666f72756d, 'flag', 0x666f72756d4d6f64657261746f725065726d697373696f6e73, '', 330, 'unset', 0, 0x58656e466f726f),
(0x617070726f7665556e617070726f7665, 0x70726f66696c65506f7374, 'flag', 0x70726f66696c65506f73744d6f64657261746f725065726d697373696f6e73, '', 130, 'unset', 0, 0x58656e466f726f),
(0x626173696354657874, 0x7369676e6174757265, 'flag', 0x7369676e61747572655065726d697373696f6e73, '', 10, 'unset', 0, 0x58656e466f726f),
(0x626c6f636b, 0x7369676e6174757265, 'flag', 0x7369676e61747572655065726d697373696f6e73, '', 70, 'unset', 0, 0x58656e466f726f),
(0x627970617373466c6f6f64436865636b, 0x67656e6572616c, 'flag', 0x67656e6572616c5065726d697373696f6e73, '', 10000, 'unset', 0, 0x58656e466f726f),
(0x6279706173735573657250726976616379, 0x67656e6572616c, 'flag', 0x67656e6572616c4d6f64657261746f725065726d697373696f6e73, '', 50, 'unset', 0, 0x58656e466f726f),
(0x636c65616e5370616d, 0x67656e6572616c, 'flag', 0x67656e6572616c4d6f64657261746f725065726d697373696f6e73, '', 100, 'unset', 0, 0x58656e466f726f),
(0x636f6d6d656e74, 0x70726f66696c65506f7374, 'flag', 0x70726f66696c65506f73745065726d697373696f6e73, '', 32, 'unset', 0, 0x58656e466f726f),
(0x64656c657465416e79, 0x70726f66696c65506f7374, 'flag', 0x70726f66696c65506f73744d6f64657261746f725065726d697373696f6e73, '', 20, 'unset', 0, 0x58656e466f726f),
(0x64656c657465416e79506f7374, 0x666f72756d, 'flag', 0x666f72756d4d6f64657261746f725065726d697373696f6e73, '', 210, 'unset', 0, 0x58656e466f726f),
(0x64656c657465416e79546872656164, 0x666f72756d, 'flag', 0x666f72756d4d6f64657261746f725065726d697373696f6e73, '', 50, 'unset', 0, 0x58656e466f726f),
(0x64656c6574654f776e, 0x70726f66696c65506f7374, 'flag', 0x70726f66696c65506f73745065726d697373696f6e73, '', 35, 'unset', 0, 0x58656e466f726f),
(0x64656c6574654f776e506f7374, 0x666f72756d, 'flag', 0x666f72756d5065726d697373696f6e73, '', 20, 'unset', 0, 0x58656e466f726f),
(0x64656c6574654f776e546872656164, 0x666f72756d, 'flag', 0x666f72756d5065726d697373696f6e73, '', 28, 'unset', 0, 0x58656e466f726f),
(0x65646974416e79, 0x70726f66696c65506f7374, 'flag', 0x70726f66696c65506f73744d6f64657261746f725065726d697373696f6e73, '', 10, 'unset', 0, 0x58656e466f726f),
(0x65646974416e79506f7374, 0x636f6e766572736174696f6e, 'flag', 0x636f6e766572736174696f6e4d6f64657261746f725065726d697373696f6e73, '', 10, 'unset', 0, 0x58656e466f726f),
(0x65646974416e79506f7374, 0x666f72756d, 'flag', 0x666f72756d4d6f64657261746f725065726d697373696f6e73, '', 200, 'unset', 0, 0x58656e466f726f),
(0x65646974426173696350726f66696c65, 0x67656e6572616c, 'flag', 0x67656e6572616c4d6f64657261746f725065726d697373696f6e73, '', 130, 'unset', 0, 0x58656e466f726f),
(0x65646974437573746f6d5469746c65, 0x67656e6572616c, 'flag', 0x67656e6572616c5065726d697373696f6e73, '', 500, 'unset', 0, 0x58656e466f726f),
(0x656469744f776e, 0x70726f66696c65506f7374, 'flag', 0x70726f66696c65506f73745065726d697373696f6e73, '', 40, 'unset', 0, 0x58656e466f726f),
(0x656469744f776e506f7374, 0x636f6e766572736174696f6e, 'flag', 0x636f6e766572736174696f6e5065726d697373696f6e73, '', 40, 'unset', 0, 0x58656e466f726f),
(0x656469744f776e506f7374, 0x666f72756d, 'flag', 0x666f72756d5065726d697373696f6e73, '', 20, 'unset', 0, 0x58656e466f726f),
(0x656469744f776e506f737454696d654c696d6974, 0x636f6e766572736174696f6e, 'integer', 0x636f6e766572736174696f6e5065726d697373696f6e73, 0x656469744f776e506f7374, 50, 'unset', 2, 0x58656e466f726f),
(0x656469744f776e506f737454696d654c696d6974, 0x666f72756d, 'integer', 0x666f72756d5065726d697373696f6e73, '', 21, 'unset', 0, 0x58656e466f726f),
(0x656469744f776e5468726561645469746c65, 0x666f72756d, 'flag', 0x666f72756d5065726d697373696f6e73, '', 25, 'unset', 0, 0x58656e466f726f),
(0x6564697450726f66696c65, 0x67656e6572616c, 'flag', 0x67656e6572616c5065726d697373696f6e73, '', 490, 'unset', 0, 0x58656e466f726f),
(0x656469745369676e6174757265, 0x67656e6572616c, 'flag', 0x7369676e61747572655065726d697373696f6e73, '', 1, 'unset', 0, 0x58656e466f726f),
(0x657874656e64656454657874, 0x7369676e6174757265, 'flag', 0x7369676e61747572655065726d697373696f6e73, '', 20, 'unset', 0, 0x58656e466f726f),
(0x666f6c6c6f774d6f6465726174696f6e52756c6573, 0x67656e6572616c, 'flag', 0x67656e6572616c5065726d697373696f6e73, '', 9000, 'unset', 0, 0x58656e466f726f),
(0x6861726444656c657465416e79, 0x70726f66696c65506f7374, 'flag', 0x70726f66696c65506f73744d6f64657261746f725065726d697373696f6e73, '', 25, 'unset', 0, 0x58656e466f726f),
(0x6861726444656c657465416e79506f7374, 0x666f72756d, 'flag', 0x666f72756d4d6f64657261746f725065726d697373696f6e73, '', 215, 'unset', 0, 0x58656e466f726f),
(0x6861726444656c657465416e79546872656164, 0x666f72756d, 'flag', 0x666f72756d4d6f64657261746f725065726d697373696f6e73, '', 55, 'unset', 0, 0x58656e466f726f),
(0x696d616765, 0x7369676e6174757265, 'flag', 0x7369676e61747572655065726d697373696f6e73, '', 50, 'unset', 0, 0x58656e466f726f),
(0x6c696b65, 0x666f72756d, 'flag', 0x666f72756d5065726d697373696f6e73, '', 5, 'unset', 0, 0x58656e466f726f),
(0x6c696b65, 0x70726f66696c65506f7374, 'flag', 0x70726f66696c65506f73745065726d697373696f6e73, '', 15, 'unset', 0, 0x58656e466f726f),
(0x6c696e6b, 0x7369676e6174757265, 'flag', 0x7369676e61747572655065726d697373696f6e73, '', 50, 'unset', 0, 0x58656e466f726f),
(0x6c697374, 0x7369676e6174757265, 'flag', 0x7369676e61747572655065726d697373696f6e73, '', 40, 'unset', 0, 0x58656e466f726f),
(0x6c6f636b556e6c6f636b546872656164, 0x666f72756d, 'flag', 0x666f72756d4d6f64657261746f725065726d697373696f6e73, '', 20, 'unset', 0, 0x58656e466f726f),
(0x6d616e616765416e79546872656164, 0x666f72756d, 'flag', 0x666f72756d4d6f64657261746f725065726d697373696f6e73, '', 30, 'unset', 0, 0x58656e466f726f),
(0x6d616e6167654f776e, 0x70726f66696c65506f7374, 'flag', 0x70726f66696c65506f73745065726d697373696f6e73, '', 20, 'unset', 0, 0x58656e466f726f),
(0x6d616e6167655761726e696e67, 0x67656e6572616c, 'flag', 0x67656e6572616c4d6f64657261746f725065726d697373696f6e73, '', 125, 'unset', 0, 0x58656e466f726f),
(0x6d617846696c6553697a65, 0x617661746172, 'integer', 0x6176617461725065726d697373696f6e73, 0x616c6c6f776564, 2, 'unset', 0, 0x58656e466f726f),
(0x6d6178496d61676573, 0x7369676e6174757265, 'integer', 0x7369676e61747572655065726d697373696f6e73, '', 110, 'unset', 0, 0x58656e466f726f),
(0x6d61784c696e6573, 0x7369676e6174757265, 'integer', 0x7369676e61747572655065726d697373696f6e73, '', 105, 'unset', 0, 0x58656e466f726f),
(0x6d61784c696e6b73, 0x7369676e6174757265, 'integer', 0x7369676e61747572655065726d697373696f6e73, '', 105, 'unset', 0, 0x58656e466f726f),
(0x6d61785072696e7461626c65, 0x7369676e6174757265, 'integer', 0x7369676e61747572655065726d697373696f6e73, '', 100, 'unset', 0, 0x58656e466f726f),
(0x6d6178526563697069656e7473, 0x636f6e766572736174696f6e, 'integer', 0x636f6e766572736174696f6e5065726d697373696f6e73, 0x7374617274, 100, 'unset', 0, 0x58656e466f726f),
(0x6d6178536d696c696573, 0x7369676e6174757265, 'integer', 0x7369676e61747572655065726d697373696f6e73, '', 120, 'unset', 0, 0x58656e466f726f),
(0x6d61785461676765645573657273, 0x67656e6572616c, 'integer', 0x67656e6572616c5065726d697373696f6e73, '', 100, 'unset', 0, 0x58656e466f726f),
(0x6d61785465787453697a65, 0x7369676e6174757265, 'integer', 0x7369676e61747572655065726d697373696f6e73, '', 130, 'unset', 0, 0x58656e466f726f),
(0x6d65646961, 0x7369676e6174757265, 'flag', 0x7369676e61747572655065726d697373696f6e73, '', 60, 'unset', 0, 0x58656e466f726f),
(0x706f7374, 0x70726f66696c65506f7374, 'flag', 0x70726f66696c65506f73745065726d697373696f6e73, '', 30, 'unset', 0, 0x58656e466f726f),
(0x706f73745265706c79, 0x666f72756d, 'flag', 0x666f72756d5065726d697373696f6e73, '', 10, 'allow', 0, 0x58656e466f726f),
(0x706f7374546872656164, 0x666f72756d, 'flag', 0x666f72756d5065726d697373696f6e73, '', 9, 'unset', 0, 0x58656e466f726f),
(0x72656365697665, 0x636f6e766572736174696f6e, 'flag', 0x636f6e766572736174696f6e5065726d697373696f6e73, '', 12, 'unset', 0, 0x58656e466f726f),
(0x7265706f7274, 0x67656e6572616c, 'flag', 0x67656e6572616c5065726d697373696f6e73, '', 11000, 'unset', 0, 0x58656e466f726f),
(0x736561726368, 0x67656e6572616c, 'flag', 0x67656e6572616c5065726d697373696f6e73, '', 100, 'unset', 0, 0x58656e466f726f),
(0x7374617274, 0x636f6e766572736174696f6e, 'flag', 0x636f6e766572736174696f6e5065726d697373696f6e73, '', 10, 'unset', 0, 0x58656e466f726f),
(0x737469636b556e737469636b546872656164, 0x666f72756d, 'flag', 0x666f72756d4d6f64657261746f725065726d697373696f6e73, '', 10, 'unset', 0, 0x58656e466f726f),
(0x7468726561645265706c7942616e, 0x666f72756d, 'flag', 0x666f72756d4d6f64657261746f725065726d697373696f6e73, '', 60, 'unset', 0, 0x58656e466f726f),
(0x756e64656c657465, 0x666f72756d, 'flag', 0x666f72756d4d6f64657261746f725065726d697373696f6e73, '', 320, 'unset', 0, 0x58656e466f726f),
(0x756e64656c657465, 0x70726f66696c65506f7374, 'flag', 0x70726f66696c65506f73744d6f64657261746f725065726d697373696f6e73, '', 120, 'unset', 0, 0x58656e466f726f),
(0x75706c6f61644174746163686d656e74, 0x636f6e766572736174696f6e, 'flag', 0x636f6e766572736174696f6e5065726d697373696f6e73, '', 30, 'unset', 0, 0x58656e466f726f),
(0x75706c6f61644174746163686d656e74, 0x666f72756d, 'flag', 0x666f72756d5065726d697373696f6e73, 0x766965774174746163686d656e74, 31, 'unset', 0, 0x58656e466f726f),
(0x76696577, 0x67656e6572616c, 'flag', 0x67656e6572616c5065726d697373696f6e73, '', 1, 'allow', 0, 0x58656e466f726f),
(0x76696577, 0x70726f66696c65506f7374, 'flag', 0x70726f66696c65506f73745065726d697373696f6e73, '', 10, 'unset', 0, 0x58656e466f726f),
(0x766965774174746163686d656e74, 0x666f72756d, 'flag', 0x666f72756d5065726d697373696f6e73, '', 30, 'unset', 0, 0x58656e466f726f),
(0x76696577436f6e74656e74, 0x666f72756d, 'flag', 0x666f72756d5065726d697373696f6e73, '', 2, 'unset', 0, 0x58656e466f726f),
(0x7669657744656c65746564, 0x666f72756d, 'flag', 0x666f72756d4d6f64657261746f725065726d697373696f6e73, '', 300, 'unset', 0, 0x58656e466f726f),
(0x7669657744656c65746564, 0x70726f66696c65506f7374, 'flag', 0x70726f66696c65506f73744d6f64657261746f725065726d697373696f6e73, '', 100, 'unset', 0, 0x58656e466f726f),
(0x76696577497073, 0x67656e6572616c, 'flag', 0x67656e6572616c4d6f64657261746f725065726d697373696f6e73, '', 10, 'unset', 0, 0x58656e466f726f),
(0x766965774d656d6265724c697374, 0x67656e6572616c, 'flag', 0x67656e6572616c5065726d697373696f6e73, '', 45, 'unset', 0, 0x58656e466f726f),
(0x766965774d6f64657261746564, 0x666f72756d, 'flag', 0x666f72756d4d6f64657261746f725065726d697373696f6e73, '', 310, 'unset', 0, 0x58656e466f726f),
(0x766965774d6f64657261746564, 0x70726f66696c65506f7374, 'flag', 0x70726f66696c65506f73744d6f64657261746f725065726d697373696f6e73, '', 110, 'unset', 0, 0x58656e466f726f),
(0x766965774e6f6465, 0x67656e6572616c, 'flag', 0x67656e6572616c5065726d697373696f6e73, 0x76696577, 2, 'unset', 0, 0x58656e466f726f),
(0x766965774f7468657273, 0x666f72756d, 'flag', 0x666f72756d5065726d697373696f6e73, '', 1, 'unset', 0, 0x58656e466f726f),
(0x7669657750726f66696c65, 0x67656e6572616c, 'flag', 0x67656e6572616c5065726d697373696f6e73, '', 50, 'unset', 0, 0x58656e466f726f),
(0x766965775761726e696e67, 0x67656e6572616c, 'flag', 0x67656e6572616c4d6f64657261746f725065726d697373696f6e73, '', 110, 'unset', 0, 0x58656e466f726f),
(0x766f7465506f6c6c, 0x666f72756d, 'flag', 0x666f72756d5065726d697373696f6e73, '', 100, 'unset', 0, 0x58656e466f726f),
(0x7761726e, 0x666f72756d, 'flag', 0x666f72756d4d6f64657261746f725065726d697373696f6e73, '', 220, 'unset', 0, 0x58656e466f726f),
(0x7761726e, 0x67656e6572616c, 'flag', 0x67656e6572616c4d6f64657261746f725065726d697373696f6e73, '', 120, 'unset', 0, 0x58656e466f726f),
(0x7761726e, 0x70726f66696c65506f7374, 'flag', 0x70726f66696c65506f73744d6f64657261746f725065726d697373696f6e73, '', 30, 'unset', 0, 0x58656e466f726f);

-- --------------------------------------------------------

--
-- Table structure for table `nv4_forum_permission_cache_content`
--

CREATE TABLE `nv4_forum_permission_cache_content` (
  `permission_combination_id` int(10) UNSIGNED NOT NULL,
  `content_type` varbinary(25) NOT NULL,
  `content_id` int(10) UNSIGNED NOT NULL,
  `cache_value` mediumblob NOT NULL
) ENGINE=InnoDB DEFAULT CHARSET=utf8;

--
-- Dumping data for table `nv4_forum_permission_cache_content`
--

INSERT INTO `nv4_forum_permission_cache_content` (`permission_combination_id`, `content_type`, `content_id`, `cache_value`) VALUES
(1, 0x6e6f6465, 15, 0x613a313a7b733a343a2276696577223b623a313b7d),
(1, 0x6e6f6465, 16, 0x613a32383a7b733a31303a22766965774f7468657273223b623a313b733a31313a2276696577436f6e74656e74223b623a313b733a343a226c696b65223b623a303b733a31303a22706f7374546872656164223b623a303b733a393a22706f73745265706c79223b623a303b733a31383a22737469636b556e737469636b546872656164223b623a303b733a31313a22656469744f776e506f7374223b623a303b733a31363a226c6f636b556e6c6f636b546872656164223b623a303b733a31333a2264656c6574654f776e506f7374223b623a303b733a32303a22656469744f776e506f737454696d654c696d6974223b693a303b733a31383a22656469744f776e5468726561645469746c65223b623a303b733a31353a2264656c6574654f776e546872656164223b623a303b733a31353a226d616e616765416e79546872656164223b623a303b733a31343a22766965774174746163686d656e74223b623a303b733a31363a2275706c6f61644174746163686d656e74223b623a303b733a31353a2264656c657465416e79546872656164223b623a303b733a31393a226861726444656c657465416e79546872656164223b623a303b733a31343a227468726561645265706c7942616e223b623a303b733a383a22766f7465506f6c6c223b623a303b733a31313a2265646974416e79506f7374223b623a303b733a31333a2264656c657465416e79506f7374223b623a303b733a31373a226861726444656c657465416e79506f7374223b623a303b733a343a227761726e223b623a303b733a31313a227669657744656c65746564223b623a303b733a31333a22766965774d6f64657261746564223b623a303b733a383a22756e64656c657465223b623a303b733a31363a22617070726f7665556e617070726f7665223b623a303b733a343a2276696577223b623a313b7d),
(2, 0x6e6f6465, 15, 0x613a313a7b733a343a2276696577223b623a313b7d),
(2, 0x6e6f6465, 16, 0x613a32383a7b733a31303a22766965774f7468657273223b623a313b733a31313a2276696577436f6e74656e74223b623a313b733a343a226c696b65223b623a313b733a31303a22706f7374546872656164223b623a313b733a393a22706f73745265706c79223b623a313b733a31383a22737469636b556e737469636b546872656164223b623a303b733a31313a22656469744f776e506f7374223b623a313b733a31363a226c6f636b556e6c6f636b546872656164223b623a303b733a31333a2264656c6574654f776e506f7374223b623a313b733a32303a22656469744f776e506f737454696d654c696d6974223b693a2d313b733a31383a22656469744f776e5468726561645469746c65223b623a313b733a31353a2264656c6574654f776e546872656164223b623a303b733a31353a226d616e616765416e79546872656164223b623a303b733a31343a22766965774174746163686d656e74223b623a313b733a31363a2275706c6f61644174746163686d656e74223b623a313b733a31353a2264656c657465416e79546872656164223b623a303b733a31393a226861726444656c657465416e79546872656164223b623a303b733a31343a227468726561645265706c7942616e223b623a303b733a383a22766f7465506f6c6c223b623a313b733a31313a2265646974416e79506f7374223b623a303b733a31333a2264656c657465416e79506f7374223b623a303b733a31373a226861726444656c657465416e79506f7374223b623a303b733a343a227761726e223b623a303b733a31313a227669657744656c65746564223b623a303b733a31333a22766965774d6f64657261746564223b623a303b733a383a22756e64656c657465223b623a303b733a31363a22617070726f7665556e617070726f7665223b623a303b733a343a2276696577223b623a313b7d),
(3, 0x6e6f6465, 15, 0x613a313a7b733a343a2276696577223b623a303b7d),
(3, 0x6e6f6465, 16, 0x613a32383a7b733a31303a22766965774f7468657273223b623a303b733a31313a2276696577436f6e74656e74223b623a303b733a343a226c696b65223b623a303b733a31303a22706f7374546872656164223b623a303b733a393a22706f73745265706c79223b623a303b733a31383a22737469636b556e737469636b546872656164223b623a303b733a31313a22656469744f776e506f7374223b623a303b733a31363a226c6f636b556e6c6f636b546872656164223b623a303b733a31333a2264656c6574654f776e506f7374223b623a303b733a32303a22656469744f776e506f737454696d654c696d6974223b693a2d313b733a31383a22656469744f776e5468726561645469746c65223b623a303b733a31353a2264656c6574654f776e546872656164223b623a303b733a31353a226d616e616765416e79546872656164223b623a303b733a31343a22766965774174746163686d656e74223b623a303b733a31363a2275706c6f61644174746163686d656e74223b623a303b733a31353a2264656c657465416e79546872656164223b623a303b733a31393a226861726444656c657465416e79546872656164223b623a303b733a31343a227468726561645265706c7942616e223b623a303b733a383a22766f7465506f6c6c223b623a303b733a31313a2265646974416e79506f7374223b623a303b733a31333a2264656c657465416e79506f7374223b623a303b733a31373a226861726444656c657465416e79506f7374223b623a303b733a343a227761726e223b623a303b733a31313a227669657744656c65746564223b623a303b733a31333a22766965774d6f64657261746564223b623a303b733a383a22756e64656c657465223b623a303b733a31363a22617070726f7665556e617070726f7665223b623a303b733a343a2276696577223b623a303b7d),
(4, 0x6e6f6465, 15, 0x613a313a7b733a343a2276696577223b623a303b7d),
(4, 0x6e6f6465, 16, 0x613a32383a7b733a31303a22766965774f7468657273223b623a303b733a31313a2276696577436f6e74656e74223b623a303b733a343a226c696b65223b623a303b733a31303a22706f7374546872656164223b623a303b733a393a22706f73745265706c79223b623a303b733a31383a22737469636b556e737469636b546872656164223b623a303b733a31313a22656469744f776e506f7374223b623a303b733a31363a226c6f636b556e6c6f636b546872656164223b623a303b733a31333a2264656c6574654f776e506f7374223b623a303b733a32303a22656469744f776e506f737454696d654c696d6974223b693a2d313b733a31383a22656469744f776e5468726561645469746c65223b623a303b733a31353a2264656c6574654f776e546872656164223b623a303b733a31353a226d616e616765416e79546872656164223b623a303b733a31343a22766965774174746163686d656e74223b623a303b733a31363a2275706c6f61644174746163686d656e74223b623a303b733a31353a2264656c657465416e79546872656164223b623a303b733a31393a226861726444656c657465416e79546872656164223b623a303b733a31343a227468726561645265706c7942616e223b623a303b733a383a22766f7465506f6c6c223b623a303b733a31313a2265646974416e79506f7374223b623a303b733a31333a2264656c657465416e79506f7374223b623a303b733a31373a226861726444656c657465416e79506f7374223b623a303b733a343a227761726e223b623a303b733a31313a227669657744656c65746564223b623a303b733a31333a22766965774d6f64657261746564223b623a303b733a383a22756e64656c657465223b623a303b733a31363a22617070726f7665556e617070726f7665223b623a303b733a343a2276696577223b623a303b7d),
(6, 0x6e6f6465, 15, 0x613a313a7b733a343a2276696577223b623a303b7d),
(6, 0x6e6f6465, 16, 0x613a32383a7b733a31303a22766965774f7468657273223b623a303b733a31313a2276696577436f6e74656e74223b623a303b733a343a226c696b65223b623a303b733a31303a22706f7374546872656164223b623a303b733a393a22706f73745265706c79223b623a303b733a31383a22737469636b556e737469636b546872656164223b623a303b733a31313a22656469744f776e506f7374223b623a303b733a31363a226c6f636b556e6c6f636b546872656164223b623a303b733a31333a2264656c6574654f776e506f7374223b623a303b733a32303a22656469744f776e506f737454696d654c696d6974223b693a2d313b733a31383a22656469744f776e5468726561645469746c65223b623a303b733a31353a2264656c6574654f776e546872656164223b623a303b733a31353a226d616e616765416e79546872656164223b623a303b733a31343a22766965774174746163686d656e74223b623a303b733a31363a2275706c6f61644174746163686d656e74223b623a303b733a31353a2264656c657465416e79546872656164223b623a303b733a31393a226861726444656c657465416e79546872656164223b623a303b733a31343a227468726561645265706c7942616e223b623a303b733a383a22766f7465506f6c6c223b623a303b733a31313a2265646974416e79506f7374223b623a303b733a31333a2264656c657465416e79506f7374223b623a303b733a31373a226861726444656c657465416e79506f7374223b623a303b733a343a227761726e223b623a303b733a31313a227669657744656c65746564223b623a303b733a31333a22766965774d6f64657261746564223b623a303b733a383a22756e64656c657465223b623a303b733a31363a22617070726f7665556e617070726f7665223b623a303b733a343a2276696577223b623a303b7d);

-- --------------------------------------------------------

--
-- Table structure for table `nv4_forum_permission_combination`
--

CREATE TABLE `nv4_forum_permission_combination` (
  `permission_combination_id` int(10) UNSIGNED NOT NULL,
  `user_id` int(10) UNSIGNED NOT NULL,
  `user_group_list` mediumblob NOT NULL,
  `cache_value` mediumblob NOT NULL
) ENGINE=InnoDB DEFAULT CHARSET=utf8;

--
-- Dumping data for table `nv4_forum_permission_combination`
--

INSERT INTO `nv4_forum_permission_combination` (`permission_combination_id`, `user_id`, `user_group_list`, `cache_value`) VALUES
(1, 0, 0x31, 0x613a363a7b733a373a2267656e6572616c223b613a31393a7b733a343a2276696577223b623a313b733a31333a22656469745369676e6174757265223b623a303b733a383a22766965774e6f6465223b623a313b733a373a2276696577497073223b623a303b733a31343a22766965774d656d6265724c697374223b623a313b733a31373a226279706173735573657250726976616379223b623a303b733a31313a227669657750726f66696c65223b623a313b733a363a22736561726368223b623a313b733a393a22636c65616e5370616d223b623a303b733a31343a226d61785461676765645573657273223b693a303b733a31313a22766965775761726e696e67223b623a303b733a343a227761726e223b623a303b733a31333a226d616e6167655761726e696e67223b623a303b733a31363a2265646974426173696350726f66696c65223b623a303b733a31313a226564697450726f66696c65223b623a313b733a31353a2265646974437573746f6d5469746c65223b623a303b733a32313a22666f6c6c6f774d6f6465726174696f6e52756c6573223b623a313b733a31363a22627970617373466c6f6f64436865636b223b623a303b733a363a227265706f7274223b623a303b7d733a363a22617661746172223b613a323a7b733a373a22616c6c6f776564223b623a303b733a31313a226d617846696c6553697a65223b693a303b7d733a353a22666f72756d223b613a32373a7b733a31303a22766965774f7468657273223b623a313b733a31313a2276696577436f6e74656e74223b623a313b733a343a226c696b65223b623a303b733a31303a22706f7374546872656164223b623a303b733a393a22706f73745265706c79223b623a303b733a31383a22737469636b556e737469636b546872656164223b623a303b733a31313a22656469744f776e506f7374223b623a303b733a31363a226c6f636b556e6c6f636b546872656164223b623a303b733a31333a2264656c6574654f776e506f7374223b623a303b733a32303a22656469744f776e506f737454696d654c696d6974223b693a303b733a31383a22656469744f776e5468726561645469746c65223b623a303b733a31353a2264656c6574654f776e546872656164223b623a303b733a31353a226d616e616765416e79546872656164223b623a303b733a31343a22766965774174746163686d656e74223b623a303b733a31363a2275706c6f61644174746163686d656e74223b623a303b733a31353a2264656c657465416e79546872656164223b623a303b733a31393a226861726444656c657465416e79546872656164223b623a303b733a31343a227468726561645265706c7942616e223b623a303b733a383a22766f7465506f6c6c223b623a303b733a31313a2265646974416e79506f7374223b623a303b733a31333a2264656c657465416e79506f7374223b623a303b733a31373a226861726444656c657465416e79506f7374223b623a303b733a343a227761726e223b623a303b733a31313a227669657744656c65746564223b623a303b733a31333a22766965774d6f64657261746564223b623a303b733a383a22756e64656c657465223b623a303b733a31363a22617070726f7665556e617070726f7665223b623a303b7d733a31323a22636f6e766572736174696f6e223b613a383a7b733a31313a2265646974416e79506f7374223b623a303b733a353a227374617274223b623a303b733a373a2272656365697665223b623a303b733a31323a22616c77617973496e76697465223b623a303b733a31363a2275706c6f61644174746163686d656e74223b623a303b733a31313a22656469744f776e506f7374223b623a303b733a32303a22656469744f776e506f737454696d654c696d6974223b693a303b733a31333a226d6178526563697069656e7473223b693a303b7d733a31313a2270726f66696c65506f7374223b613a31353a7b733a373a2265646974416e79223b623a303b733a343a2276696577223b623a313b733a343a226c696b65223b623a303b733a393a226d616e6167654f776e223b623a303b733a393a2264656c657465416e79223b623a303b733a31333a226861726444656c657465416e79223b623a303b733a343a22706f7374223b623a303b733a343a227761726e223b623a303b733a373a22636f6d6d656e74223b623a303b733a393a2264656c6574654f776e223b623a303b733a373a22656469744f776e223b623a303b733a31313a227669657744656c65746564223b623a303b733a31333a22766965774d6f64657261746564223b623a303b733a383a22756e64656c657465223b623a303b733a31363a22617070726f7665556e617070726f7665223b623a303b7d733a393a227369676e6174757265223b613a31343a7b733a393a22626173696354657874223b623a303b733a31323a22657874656e64656454657874223b623a303b733a353a22616c69676e223b623a303b733a343a226c697374223b623a303b733a353a22696d616765223b623a303b733a343a226c696e6b223b623a303b733a353a226d65646961223b623a303b733a353a22626c6f636b223b623a303b733a31323a226d61785072696e7461626c65223b693a303b733a383a226d61784c696e6573223b693a303b733a383a226d61784c696e6b73223b693a303b733a393a226d6178496d61676573223b693a303b733a31303a226d6178536d696c696573223b693a303b733a31313a226d61785465787453697a65223b693a303b7d7d),
(2, 0, 0x32, 0x613a363a7b733a373a2267656e6572616c223b613a31393a7b733a343a2276696577223b623a313b733a31333a22656469745369676e6174757265223b623a313b733a383a22766965774e6f6465223b623a313b733a373a2276696577497073223b623a303b733a31343a22766965774d656d6265724c697374223b623a313b733a31373a226279706173735573657250726976616379223b623a303b733a31313a227669657750726f66696c65223b623a313b733a363a22736561726368223b623a313b733a393a22636c65616e5370616d223b623a303b733a31343a226d61785461676765645573657273223b693a353b733a31313a22766965775761726e696e67223b623a303b733a343a227761726e223b623a303b733a31333a226d616e6167655761726e696e67223b623a303b733a31363a2265646974426173696350726f66696c65223b623a303b733a31313a226564697450726f66696c65223b623a313b733a31353a2265646974437573746f6d5469746c65223b623a303b733a32313a22666f6c6c6f774d6f6465726174696f6e52756c6573223b623a313b733a31363a22627970617373466c6f6f64436865636b223b623a303b733a363a227265706f7274223b623a313b7d733a363a22617661746172223b613a323a7b733a373a22616c6c6f776564223b623a313b733a31313a226d617846696c6553697a65223b693a35313230303b7d733a353a22666f72756d223b613a32373a7b733a31303a22766965774f7468657273223b623a313b733a31313a2276696577436f6e74656e74223b623a313b733a343a226c696b65223b623a313b733a31303a22706f7374546872656164223b623a313b733a393a22706f73745265706c79223b623a313b733a31383a22737469636b556e737469636b546872656164223b623a303b733a31313a22656469744f776e506f7374223b623a313b733a31363a226c6f636b556e6c6f636b546872656164223b623a303b733a31333a2264656c6574654f776e506f7374223b623a313b733a32303a22656469744f776e506f737454696d654c696d6974223b693a2d313b733a31383a22656469744f776e5468726561645469746c65223b623a313b733a31353a2264656c6574654f776e546872656164223b623a303b733a31353a226d616e616765416e79546872656164223b623a303b733a31343a22766965774174746163686d656e74223b623a313b733a31363a2275706c6f61644174746163686d656e74223b623a313b733a31353a2264656c657465416e79546872656164223b623a303b733a31393a226861726444656c657465416e79546872656164223b623a303b733a31343a227468726561645265706c7942616e223b623a303b733a383a22766f7465506f6c6c223b623a313b733a31313a2265646974416e79506f7374223b623a303b733a31333a2264656c657465416e79506f7374223b623a303b733a31373a226861726444656c657465416e79506f7374223b623a303b733a343a227761726e223b623a303b733a31313a227669657744656c65746564223b623a303b733a31333a22766965774d6f64657261746564223b623a303b733a383a22756e64656c657465223b623a303b733a31363a22617070726f7665556e617070726f7665223b623a303b7d733a31323a22636f6e766572736174696f6e223b613a383a7b733a31313a2265646974416e79506f7374223b623a303b733a353a227374617274223b623a313b733a373a2272656365697665223b623a313b733a31323a22616c77617973496e76697465223b623a303b733a31363a2275706c6f61644174746163686d656e74223b623a303b733a31313a22656469744f776e506f7374223b623a313b733a32303a22656469744f776e506f737454696d654c696d6974223b693a353b733a31333a226d6178526563697069656e7473223b693a353b7d733a31313a2270726f66696c65506f7374223b613a31353a7b733a373a2265646974416e79223b623a303b733a343a2276696577223b623a313b733a343a226c696b65223b623a313b733a393a226d616e6167654f776e223b623a313b733a393a2264656c657465416e79223b623a303b733a31333a226861726444656c657465416e79223b623a303b733a343a22706f7374223b623a313b733a343a227761726e223b623a303b733a373a22636f6d6d656e74223b623a313b733a393a2264656c6574654f776e223b623a313b733a373a22656469744f776e223b623a313b733a31313a227669657744656c65746564223b623a303b733a31333a22766965774d6f64657261746564223b623a303b733a383a22756e64656c657465223b623a303b733a31363a22617070726f7665556e617070726f7665223b623a303b7d733a393a227369676e6174757265223b613a31343a7b733a393a22626173696354657874223b623a313b733a31323a22657874656e64656454657874223b623a313b733a353a22616c69676e223b623a313b733a343a226c697374223b623a313b733a353a22696d616765223b623a313b733a343a226c696e6b223b623a313b733a353a226d65646961223b623a313b733a353a22626c6f636b223b623a313b733a31323a226d61785072696e7461626c65223b693a2d313b733a383a226d61784c696e6573223b693a2d313b733a383a226d61784c696e6b73223b693a2d313b733a393a226d6178496d61676573223b693a2d313b733a31303a226d6178536d696c696573223b693a2d313b733a31313a226d61785465787453697a65223b693a2d313b7d7d),
(3, 0, 0x322c33, 0x613a363a7b733a373a2267656e6572616c223b613a31393a7b733a343a2276696577223b623a313b733a31333a22656469745369676e6174757265223b623a313b733a383a22766965774e6f6465223b623a313b733a373a2276696577497073223b623a303b733a31343a22766965774d656d6265724c697374223b623a313b733a31373a226279706173735573657250726976616379223b623a303b733a31313a227669657750726f66696c65223b623a313b733a363a22736561726368223b623a313b733a393a22636c65616e5370616d223b623a303b733a31343a226d61785461676765645573657273223b693a353b733a31313a22766965775761726e696e67223b623a303b733a343a227761726e223b623a303b733a31333a226d616e6167655761726e696e67223b623a303b733a31363a2265646974426173696350726f66696c65223b623a303b733a31313a226564697450726f66696c65223b623a313b733a31353a2265646974437573746f6d5469746c65223b623a313b733a32313a22666f6c6c6f774d6f6465726174696f6e52756c6573223b623a313b733a31363a22627970617373466c6f6f64436865636b223b623a313b733a363a227265706f7274223b623a313b7d733a363a22617661746172223b613a323a7b733a373a22616c6c6f776564223b623a313b733a31313a226d617846696c6553697a65223b693a2d313b7d733a353a22666f72756d223b613a32373a7b733a31303a22766965774f7468657273223b623a313b733a31313a2276696577436f6e74656e74223b623a313b733a343a226c696b65223b623a313b733a31303a22706f7374546872656164223b623a313b733a393a22706f73745265706c79223b623a313b733a31383a22737469636b556e737469636b546872656164223b623a303b733a31313a22656469744f776e506f7374223b623a313b733a31363a226c6f636b556e6c6f636b546872656164223b623a303b733a31333a2264656c6574654f776e506f7374223b623a313b733a32303a22656469744f776e506f737454696d654c696d6974223b693a2d313b733a31383a22656469744f776e5468726561645469746c65223b623a313b733a31353a2264656c6574654f776e546872656164223b623a313b733a31353a226d616e616765416e79546872656164223b623a303b733a31343a22766965774174746163686d656e74223b623a313b733a31363a2275706c6f61644174746163686d656e74223b623a313b733a31353a2264656c657465416e79546872656164223b623a303b733a31393a226861726444656c657465416e79546872656164223b623a303b733a31343a227468726561645265706c7942616e223b623a303b733a383a22766f7465506f6c6c223b623a313b733a31313a2265646974416e79506f7374223b623a303b733a31333a2264656c657465416e79506f7374223b623a303b733a31373a226861726444656c657465416e79506f7374223b623a303b733a343a227761726e223b623a303b733a31313a227669657744656c65746564223b623a303b733a31333a22766965774d6f64657261746564223b623a303b733a383a22756e64656c657465223b623a303b733a31363a22617070726f7665556e617070726f7665223b623a303b7d733a31323a22636f6e766572736174696f6e223b613a383a7b733a31313a2265646974416e79506f7374223b623a313b733a353a227374617274223b623a313b733a373a2272656365697665223b623a313b733a31323a22616c77617973496e76697465223b623a313b733a31363a2275706c6f61644174746163686d656e74223b623a313b733a31313a22656469744f776e506f7374223b623a313b733a32303a22656469744f776e506f737454696d654c696d6974223b693a353b733a31333a226d6178526563697069656e7473223b693a2d313b7d733a31313a2270726f66696c65506f7374223b613a31353a7b733a373a2265646974416e79223b623a303b733a343a2276696577223b623a313b733a343a226c696b65223b623a313b733a393a226d616e6167654f776e223b623a313b733a393a2264656c657465416e79223b623a303b733a31333a226861726444656c657465416e79223b623a303b733a343a22706f7374223b623a313b733a343a227761726e223b623a303b733a373a22636f6d6d656e74223b623a313b733a393a2264656c6574654f776e223b623a313b733a373a22656469744f776e223b623a313b733a31313a227669657744656c65746564223b623a303b733a31333a22766965774d6f64657261746564223b623a303b733a383a22756e64656c657465223b623a303b733a31363a22617070726f7665556e617070726f7665223b623a303b7d733a393a227369676e6174757265223b613a31343a7b733a393a22626173696354657874223b623a313b733a31323a22657874656e64656454657874223b623a313b733a353a22616c69676e223b623a313b733a343a226c697374223b623a313b733a353a22696d616765223b623a313b733a343a226c696e6b223b623a313b733a353a226d65646961223b623a313b733a353a22626c6f636b223b623a313b733a31323a226d61785072696e7461626c65223b693a2d313b733a383a226d61784c696e6573223b693a2d313b733a383a226d61784c696e6b73223b693a2d313b733a393a226d6178496d61676573223b693a2d313b733a31303a226d6178536d696c696573223b693a2d313b733a31313a226d61785465787453697a65223b693a2d313b7d7d),
(4, 0, 0x322c332c34, 0x613a363a7b733a373a2267656e6572616c223b613a31393a7b733a343a2276696577223b623a313b733a31333a22656469745369676e6174757265223b623a313b733a383a22766965774e6f6465223b623a313b733a373a2276696577497073223b623a303b733a31343a22766965774d656d6265724c697374223b623a313b733a31373a226279706173735573657250726976616379223b623a303b733a31313a227669657750726f66696c65223b623a313b733a363a22736561726368223b623a313b733a393a22636c65616e5370616d223b623a303b733a31343a226d61785461676765645573657273223b693a353b733a31313a22766965775761726e696e67223b623a303b733a343a227761726e223b623a303b733a31333a226d616e6167655761726e696e67223b623a303b733a31363a2265646974426173696350726f66696c65223b623a303b733a31313a226564697450726f66696c65223b623a313b733a31353a2265646974437573746f6d5469746c65223b623a313b733a32313a22666f6c6c6f774d6f6465726174696f6e52756c6573223b623a313b733a31363a22627970617373466c6f6f64436865636b223b623a313b733a363a227265706f7274223b623a313b7d733a363a22617661746172223b613a323a7b733a373a22616c6c6f776564223b623a313b733a31313a226d617846696c6553697a65223b693a2d313b7d733a353a22666f72756d223b613a32373a7b733a31303a22766965774f7468657273223b623a313b733a31313a2276696577436f6e74656e74223b623a313b733a343a226c696b65223b623a313b733a31303a22706f7374546872656164223b623a313b733a393a22706f73745265706c79223b623a313b733a31383a22737469636b556e737469636b546872656164223b623a303b733a31313a22656469744f776e506f7374223b623a313b733a31363a226c6f636b556e6c6f636b546872656164223b623a303b733a31333a2264656c6574654f776e506f7374223b623a313b733a32303a22656469744f776e506f737454696d654c696d6974223b693a2d313b733a31383a22656469744f776e5468726561645469746c65223b623a313b733a31353a2264656c6574654f776e546872656164223b623a313b733a31353a226d616e616765416e79546872656164223b623a303b733a31343a22766965774174746163686d656e74223b623a313b733a31363a2275706c6f61644174746163686d656e74223b623a313b733a31353a2264656c657465416e79546872656164223b623a303b733a31393a226861726444656c657465416e79546872656164223b623a303b733a31343a227468726561645265706c7942616e223b623a303b733a383a22766f7465506f6c6c223b623a313b733a31313a2265646974416e79506f7374223b623a303b733a31333a2264656c657465416e79506f7374223b623a303b733a31373a226861726444656c657465416e79506f7374223b623a303b733a343a227761726e223b623a303b733a31313a227669657744656c65746564223b623a303b733a31333a22766965774d6f64657261746564223b623a303b733a383a22756e64656c657465223b623a303b733a31363a22617070726f7665556e617070726f7665223b623a303b7d733a31323a22636f6e766572736174696f6e223b613a383a7b733a31313a2265646974416e79506f7374223b623a313b733a353a227374617274223b623a313b733a373a2272656365697665223b623a313b733a31323a22616c77617973496e76697465223b623a313b733a31363a2275706c6f61644174746163686d656e74223b623a313b733a31313a22656469744f776e506f7374223b623a313b733a32303a22656469744f776e506f737454696d654c696d6974223b693a353b733a31333a226d6178526563697069656e7473223b693a2d313b7d733a31313a2270726f66696c65506f7374223b613a31353a7b733a373a2265646974416e79223b623a303b733a343a2276696577223b623a313b733a343a226c696b65223b623a313b733a393a226d616e6167654f776e223b623a313b733a393a2264656c657465416e79223b623a303b733a31333a226861726444656c657465416e79223b623a303b733a343a22706f7374223b623a313b733a343a227761726e223b623a303b733a373a22636f6d6d656e74223b623a313b733a393a2264656c6574654f776e223b623a313b733a373a22656469744f776e223b623a313b733a31313a227669657744656c65746564223b623a303b733a31333a22766965774d6f64657261746564223b623a303b733a383a22756e64656c657465223b623a303b733a31363a22617070726f7665556e617070726f7665223b623a303b7d733a393a227369676e6174757265223b613a31343a7b733a393a22626173696354657874223b623a313b733a31323a22657874656e64656454657874223b623a313b733a353a22616c69676e223b623a313b733a343a226c697374223b623a313b733a353a22696d616765223b623a313b733a343a226c696e6b223b623a313b733a353a226d65646961223b623a313b733a353a22626c6f636b223b623a313b733a31323a226d61785072696e7461626c65223b693a2d313b733a383a226d61784c696e6573223b693a2d313b733a383a226d61784c696e6b73223b693a2d313b733a393a226d6178496d61676573223b693a2d313b733a31303a226d6178536d696c696573223b693a2d313b733a31313a226d61785465787453697a65223b693a2d313b7d7d),
(6, 1, 0x312c322c332c34, 0x613a363a7b733a373a2267656e6572616c223b613a31393a7b733a343a2276696577223b623a313b733a31333a22656469745369676e6174757265223b623a313b733a383a22766965774e6f6465223b623a313b733a373a2276696577497073223b623a313b733a31343a22766965774d656d6265724c697374223b623a313b733a31373a226279706173735573657250726976616379223b623a313b733a31313a227669657750726f66696c65223b623a313b733a363a22736561726368223b623a313b733a393a22636c65616e5370616d223b623a313b733a31343a226d61785461676765645573657273223b693a353b733a31313a22766965775761726e696e67223b623a313b733a343a227761726e223b623a313b733a31333a226d616e6167655761726e696e67223b623a313b733a31363a2265646974426173696350726f66696c65223b623a313b733a31313a226564697450726f66696c65223b623a313b733a31353a2265646974437573746f6d5469746c65223b623a313b733a32313a22666f6c6c6f774d6f6465726174696f6e52756c6573223b623a313b733a31363a22627970617373466c6f6f64436865636b223b623a313b733a363a227265706f7274223b623a313b7d733a363a22617661746172223b613a323a7b733a373a22616c6c6f776564223b623a313b733a31313a226d617846696c6553697a65223b693a2d313b7d733a353a22666f72756d223b613a32373a7b733a31303a22766965774f7468657273223b623a313b733a31313a2276696577436f6e74656e74223b623a313b733a343a226c696b65223b623a313b733a31303a22706f7374546872656164223b623a313b733a393a22706f73745265706c79223b623a313b733a31383a22737469636b556e737469636b546872656164223b623a313b733a31313a22656469744f776e506f7374223b623a313b733a31363a226c6f636b556e6c6f636b546872656164223b623a313b733a31333a2264656c6574654f776e506f7374223b623a313b733a32303a22656469744f776e506f737454696d654c696d6974223b693a2d313b733a31383a22656469744f776e5468726561645469746c65223b623a313b733a31353a2264656c6574654f776e546872656164223b623a313b733a31353a226d616e616765416e79546872656164223b623a313b733a31343a22766965774174746163686d656e74223b623a313b733a31363a2275706c6f61644174746163686d656e74223b623a313b733a31353a2264656c657465416e79546872656164223b623a313b733a31393a226861726444656c657465416e79546872656164223b623a313b733a31343a227468726561645265706c7942616e223b623a313b733a383a22766f7465506f6c6c223b623a313b733a31313a2265646974416e79506f7374223b623a313b733a31333a2264656c657465416e79506f7374223b623a313b733a31373a226861726444656c657465416e79506f7374223b623a313b733a343a227761726e223b623a313b733a31313a227669657744656c65746564223b623a313b733a31333a22766965774d6f64657261746564223b623a313b733a383a22756e64656c657465223b623a313b733a31363a22617070726f7665556e617070726f7665223b623a313b7d733a31323a22636f6e766572736174696f6e223b613a383a7b733a31313a2265646974416e79506f7374223b623a313b733a353a227374617274223b623a313b733a373a2272656365697665223b623a313b733a31323a22616c77617973496e76697465223b623a313b733a31363a2275706c6f61644174746163686d656e74223b623a313b733a31313a22656469744f776e506f7374223b623a313b733a32303a22656469744f776e506f737454696d654c696d6974223b693a353b733a31333a226d6178526563697069656e7473223b693a2d313b7d733a31313a2270726f66696c65506f7374223b613a31353a7b733a373a2265646974416e79223b623a313b733a343a2276696577223b623a313b733a343a226c696b65223b623a313b733a393a226d616e6167654f776e223b623a313b733a393a2264656c657465416e79223b623a313b733a31333a226861726444656c657465416e79223b623a313b733a343a22706f7374223b623a313b733a343a227761726e223b623a313b733a373a22636f6d6d656e74223b623a313b733a393a2264656c6574654f776e223b623a313b733a373a22656469744f776e223b623a313b733a31313a227669657744656c65746564223b623a313b733a31333a22766965774d6f64657261746564223b623a313b733a383a22756e64656c657465223b623a313b733a31363a22617070726f7665556e617070726f7665223b623a313b7d733a393a227369676e6174757265223b613a31343a7b733a393a22626173696354657874223b623a313b733a31323a22657874656e64656454657874223b623a313b733a353a22616c69676e223b623a313b733a343a226c697374223b623a313b733a353a22696d616765223b623a313b733a343a226c696e6b223b623a313b733a353a226d65646961223b623a313b733a353a22626c6f636b223b623a313b733a31323a226d61785072696e7461626c65223b693a2d313b733a383a226d61784c696e6573223b693a2d313b733a383a226d61784c696e6b73223b693a2d313b733a393a226d6178496d61676573223b693a2d313b733a31303a226d6178536d696c696573223b693a2d313b733a31313a226d61785465787453697a65223b693a2d313b7d7d);

-- --------------------------------------------------------

--
-- Table structure for table `nv4_forum_permission_combination_user_group`
--

CREATE TABLE `nv4_forum_permission_combination_user_group` (
  `user_group_id` int(10) UNSIGNED NOT NULL,
  `permission_combination_id` int(10) UNSIGNED NOT NULL
) ENGINE=InnoDB DEFAULT CHARSET=utf8;

--
-- Dumping data for table `nv4_forum_permission_combination_user_group`
--

INSERT INTO `nv4_forum_permission_combination_user_group` (`user_group_id`, `permission_combination_id`) VALUES
(1, 1),
(1, 6),
(2, 2),
(2, 3),
(2, 4),
(2, 6),
(3, 3),
(3, 4),
(3, 6),
(4, 4),
(4, 6);

-- --------------------------------------------------------

--
-- Table structure for table `nv4_forum_permission_entry`
--

CREATE TABLE `nv4_forum_permission_entry` (
  `permission_entry_id` int(10) UNSIGNED NOT NULL,
  `user_group_id` int(10) UNSIGNED NOT NULL,
  `user_id` int(10) UNSIGNED NOT NULL,
  `permission_group_id` varbinary(25) NOT NULL,
  `permission_id` varbinary(25) NOT NULL,
  `permission_value` enum('unset','allow','deny','use_int') NOT NULL,
  `permission_value_int` int(11) NOT NULL
) ENGINE=InnoDB DEFAULT CHARSET=utf8;

--
-- Dumping data for table `nv4_forum_permission_entry`
--

INSERT INTO `nv4_forum_permission_entry` (`permission_entry_id`, `user_group_id`, `user_id`, `permission_group_id`, `permission_id`, `permission_value`, `permission_value_int`) VALUES
(1, 1, 0, 0x666f72756d, 0x76696577436f6e74656e74, 'allow', 0),
(2, 1, 0, 0x666f72756d, 0x766965774f7468657273, 'allow', 0),
(3, 1, 0, 0x67656e6572616c, 0x666f6c6c6f774d6f6465726174696f6e52756c6573, 'allow', 0),
(4, 1, 0, 0x67656e6572616c, 0x6564697450726f66696c65, 'allow', 0),
(5, 1, 0, 0x67656e6572616c, 0x736561726368, 'allow', 0),
(6, 1, 0, 0x67656e6572616c, 0x76696577, 'allow', 0),
(7, 1, 0, 0x67656e6572616c, 0x766965774e6f6465, 'allow', 0),
(8, 1, 0, 0x67656e6572616c, 0x7669657750726f66696c65, 'allow', 0),
(9, 1, 0, 0x67656e6572616c, 0x766965774d656d6265724c697374, 'allow', 0),
(10, 1, 0, 0x70726f66696c65506f7374, 0x76696577, 'allow', 0),
(11, 2, 0, 0x617661746172, 0x616c6c6f776564, 'allow', 0),
(12, 2, 0, 0x617661746172, 0x6d617846696c6553697a65, 'use_int', 51200),
(13, 2, 0, 0x636f6e766572736174696f6e, 0x7374617274, 'allow', 0),
(14, 2, 0, 0x636f6e766572736174696f6e, 0x72656365697665, 'allow', 0),
(15, 2, 0, 0x636f6e766572736174696f6e, 0x6d6178526563697069656e7473, 'use_int', 5),
(16, 2, 0, 0x636f6e766572736174696f6e, 0x656469744f776e506f7374, 'allow', 0),
(17, 2, 0, 0x636f6e766572736174696f6e, 0x656469744f776e506f737454696d654c696d6974, 'use_int', 5),
(18, 2, 0, 0x666f72756d, 0x64656c6574654f776e506f7374, 'allow', 0),
(19, 2, 0, 0x666f72756d, 0x656469744f776e506f7374, 'allow', 0),
(20, 2, 0, 0x666f72756d, 0x656469744f776e5468726561645469746c65, 'allow', 0),
(21, 2, 0, 0x666f72756d, 0x656469744f776e506f737454696d654c696d6974, 'use_int', -1),
(22, 2, 0, 0x666f72756d, 0x706f73745265706c79, 'allow', 0),
(23, 2, 0, 0x666f72756d, 0x706f7374546872656164, 'allow', 0),
(24, 2, 0, 0x666f72756d, 0x75706c6f61644174746163686d656e74, 'allow', 0),
(25, 2, 0, 0x666f72756d, 0x766965774174746163686d656e74, 'allow', 0),
(26, 2, 0, 0x666f72756d, 0x76696577436f6e74656e74, 'allow', 0),
(27, 2, 0, 0x666f72756d, 0x766965774f7468657273, 'allow', 0),
(28, 2, 0, 0x666f72756d, 0x766f7465506f6c6c, 'allow', 0),
(29, 2, 0, 0x666f72756d, 0x6c696b65, 'allow', 0),
(30, 2, 0, 0x67656e6572616c, 0x6564697450726f66696c65, 'allow', 0),
(31, 2, 0, 0x67656e6572616c, 0x656469745369676e6174757265, 'allow', 0),
(32, 2, 0, 0x67656e6572616c, 0x666f6c6c6f774d6f6465726174696f6e52756c6573, 'allow', 0),
(33, 2, 0, 0x67656e6572616c, 0x736561726368, 'allow', 0),
(34, 2, 0, 0x67656e6572616c, 0x76696577, 'allow', 0),
(35, 2, 0, 0x67656e6572616c, 0x766965774e6f6465, 'allow', 0),
(36, 2, 0, 0x67656e6572616c, 0x7669657750726f66696c65, 'allow', 0),
(37, 2, 0, 0x67656e6572616c, 0x766965774d656d6265724c697374, 'allow', 0),
(38, 2, 0, 0x67656e6572616c, 0x7265706f7274, 'allow', 0),
(39, 2, 0, 0x67656e6572616c, 0x6d61785461676765645573657273, 'use_int', 5),
(40, 2, 0, 0x7369676e6174757265, 0x626173696354657874, 'allow', 0),
(41, 2, 0, 0x7369676e6174757265, 0x657874656e64656454657874, 'allow', 0),
(42, 2, 0, 0x7369676e6174757265, 0x616c69676e, 'allow', 0),
(43, 2, 0, 0x7369676e6174757265, 0x6c697374, 'allow', 0),
(44, 2, 0, 0x7369676e6174757265, 0x696d616765, 'allow', 0),
(45, 2, 0, 0x7369676e6174757265, 0x6c696e6b, 'allow', 0),
(46, 2, 0, 0x7369676e6174757265, 0x6d65646961, 'allow', 0),
(47, 2, 0, 0x7369676e6174757265, 0x626c6f636b, 'allow', 0),
(48, 2, 0, 0x7369676e6174757265, 0x6d61785072696e7461626c65, 'use_int', -1),
(49, 2, 0, 0x7369676e6174757265, 0x6d61784c696e6573, 'use_int', -1),
(50, 2, 0, 0x7369676e6174757265, 0x6d61784c696e6b73, 'use_int', -1),
(51, 2, 0, 0x7369676e6174757265, 0x6d6178496d61676573, 'use_int', -1),
(52, 2, 0, 0x7369676e6174757265, 0x6d6178536d696c696573, 'use_int', -1),
(53, 2, 0, 0x7369676e6174757265, 0x6d61785465787453697a65, 'use_int', -1),
(54, 2, 0, 0x70726f66696c65506f7374, 0x64656c6574654f776e, 'allow', 0),
(55, 2, 0, 0x70726f66696c65506f7374, 0x656469744f776e, 'allow', 0),
(56, 2, 0, 0x70726f66696c65506f7374, 0x6d616e6167654f776e, 'allow', 0),
(57, 2, 0, 0x70726f66696c65506f7374, 0x706f7374, 'allow', 0),
(58, 2, 0, 0x70726f66696c65506f7374, 0x636f6d6d656e74, 'allow', 0),
(59, 2, 0, 0x70726f66696c65506f7374, 0x76696577, 'allow', 0),
(60, 2, 0, 0x70726f66696c65506f7374, 0x6c696b65, 'allow', 0),
(61, 3, 0, 0x617661746172, 0x616c6c6f776564, 'allow', 0),
(62, 3, 0, 0x617661746172, 0x6d617846696c6553697a65, 'use_int', -1),
(63, 3, 0, 0x636f6e766572736174696f6e, 0x6d6178526563697069656e7473, 'use_int', -1),
(64, 3, 0, 0x636f6e766572736174696f6e, 0x65646974416e79506f7374, 'allow', 0),
(65, 3, 0, 0x636f6e766572736174696f6e, 0x616c77617973496e76697465, 'allow', 0),
(66, 3, 0, 0x636f6e766572736174696f6e, 0x75706c6f61644174746163686d656e74, 'allow', 0),
(67, 3, 0, 0x666f72756d, 0x6d61785461676765645573657273, 'use_int', -1),
(68, 3, 0, 0x666f72756d, 0x64656c6574654f776e546872656164, 'allow', 0),
(69, 3, 0, 0x666f72756d, 0x656469744f776e506f737454696d654c696d6974, 'use_int', -1),
(70, 3, 0, 0x67656e6572616c, 0x627970617373466c6f6f64436865636b, 'allow', 0),
(71, 3, 0, 0x67656e6572616c, 0x65646974437573746f6d5469746c65, 'allow', 0),
(72, 4, 0, 0x617661746172, 0x6d617846696c6553697a65, 'use_int', -1),
(73, 4, 0, 0x636f6e766572736174696f6e, 0x6d6178526563697069656e7473, 'use_int', -1),
(74, 4, 0, 0x636f6e766572736174696f6e, 0x75706c6f61644174746163686d656e74, 'allow', 0),
(75, 4, 0, 0x666f72756d, 0x6d61785461676765645573657273, 'use_int', -1),
(76, 4, 0, 0x666f72756d, 0x656469744f776e506f737454696d654c696d6974, 'use_int', -1),
(77, 4, 0, 0x67656e6572616c, 0x627970617373466c6f6f64436865636b, 'allow', 0),
(78, 4, 0, 0x67656e6572616c, 0x65646974437573746f6d5469746c65, 'allow', 0),
(79, 0, 1, 0x636f6e766572736174696f6e, 0x65646974416e79506f7374, 'allow', 0),
(80, 0, 1, 0x636f6e766572736174696f6e, 0x616c77617973496e76697465, 'allow', 0),
(81, 0, 1, 0x70726f66696c65506f7374, 0x65646974416e79, 'allow', 0),
(82, 0, 1, 0x70726f66696c65506f7374, 0x64656c657465416e79, 'allow', 0),
(83, 0, 1, 0x70726f66696c65506f7374, 0x6861726444656c657465416e79, 'allow', 0),
(84, 0, 1, 0x70726f66696c65506f7374, 0x7761726e, 'allow', 0),
(85, 0, 1, 0x70726f66696c65506f7374, 0x7669657744656c65746564, 'allow', 0),
(86, 0, 1, 0x70726f66696c65506f7374, 0x766965774d6f64657261746564, 'allow', 0),
(87, 0, 1, 0x70726f66696c65506f7374, 0x756e64656c657465, 'allow', 0),
(88, 0, 1, 0x70726f66696c65506f7374, 0x617070726f7665556e617070726f7665, 'allow', 0),
(89, 0, 1, 0x666f72756d, 0x737469636b556e737469636b546872656164, 'allow', 0),
(90, 0, 1, 0x666f72756d, 0x6c6f636b556e6c6f636b546872656164, 'allow', 0),
(91, 0, 1, 0x666f72756d, 0x6d616e616765416e79546872656164, 'allow', 0),
(92, 0, 1, 0x666f72756d, 0x64656c657465416e79546872656164, 'allow', 0),
(93, 0, 1, 0x666f72756d, 0x6861726444656c657465416e79546872656164, 'allow', 0),
(94, 0, 1, 0x666f72756d, 0x7468726561645265706c7942616e, 'allow', 0),
(95, 0, 1, 0x666f72756d, 0x65646974416e79506f7374, 'allow', 0),
(96, 0, 1, 0x666f72756d, 0x64656c657465416e79506f7374, 'allow', 0),
(97, 0, 1, 0x666f72756d, 0x6861726444656c657465416e79506f7374, 'allow', 0),
(98, 0, 1, 0x666f72756d, 0x7761726e, 'allow', 0),
(99, 0, 1, 0x666f72756d, 0x7669657744656c65746564, 'allow', 0),
(100, 0, 1, 0x666f72756d, 0x766965774d6f64657261746564, 'allow', 0),
(101, 0, 1, 0x666f72756d, 0x756e64656c657465, 'allow', 0),
(102, 0, 1, 0x666f72756d, 0x617070726f7665556e617070726f7665, 'allow', 0),
(103, 0, 1, 0x67656e6572616c, 0x76696577497073, 'allow', 0),
(104, 0, 1, 0x67656e6572616c, 0x6279706173735573657250726976616379, 'allow', 0),
(105, 0, 1, 0x67656e6572616c, 0x636c65616e5370616d, 'allow', 0),
(106, 0, 1, 0x67656e6572616c, 0x766965775761726e696e67, 'allow', 0),
(107, 0, 1, 0x67656e6572616c, 0x7761726e, 'allow', 0),
(108, 0, 1, 0x67656e6572616c, 0x6d616e6167655761726e696e67, 'allow', 0),
(109, 0, 1, 0x67656e6572616c, 0x65646974426173696350726f66696c65, 'allow', 0);

-- --------------------------------------------------------

--
-- Table structure for table `nv4_forum_permission_entry_content`
--

CREATE TABLE `nv4_forum_permission_entry_content` (
  `permission_entry_id` int(10) UNSIGNED NOT NULL,
  `content_type` varbinary(25) NOT NULL,
  `content_id` int(10) UNSIGNED NOT NULL,
  `user_group_id` int(10) UNSIGNED NOT NULL,
  `user_id` int(10) UNSIGNED NOT NULL,
  `permission_group_id` varbinary(25) NOT NULL,
  `permission_id` varbinary(25) NOT NULL,
  `permission_value` enum('unset','reset','content_allow','deny','use_int') NOT NULL,
  `permission_value_int` int(11) NOT NULL
) ENGINE=InnoDB DEFAULT CHARSET=utf8;

--
-- Dumping data for table `nv4_forum_permission_entry_content`
--

INSERT INTO `nv4_forum_permission_entry_content` (`permission_entry_id`, `content_type`, `content_id`, `user_group_id`, `user_id`, `permission_group_id`, `permission_id`, `permission_value`, `permission_value_int`) VALUES
(1, 0x6e6f6465, 8, 1, 0, 0x67656e6572616c, 0x766965774e6f6465, 'content_allow', 0),
(2, 0x6e6f6465, 8, 1, 0, 0x666f72756d, 0x766965774f7468657273, 'content_allow', 0),
(3, 0x6e6f6465, 8, 1, 0, 0x666f72756d, 0x76696577436f6e74656e74, 'content_allow', 0),
(4, 0x6e6f6465, 8, 1, 0, 0x666f72756d, 0x6c696b65, 'content_allow', 0),
(5, 0x6e6f6465, 8, 1, 0, 0x666f72756d, 0x706f7374546872656164, 'content_allow', 0),
(6, 0x6e6f6465, 8, 1, 0, 0x666f72756d, 0x706f73745265706c79, 'content_allow', 0),
(7, 0x6e6f6465, 8, 1, 0, 0x666f72756d, 0x64656c6574654f776e506f7374, 'content_allow', 0),
(8, 0x6e6f6465, 8, 1, 0, 0x666f72756d, 0x656469744f776e506f7374, 'content_allow', 0),
(9, 0x6e6f6465, 8, 1, 0, 0x666f72756d, 0x656469744f776e506f737454696d654c696d6974, 'use_int', -1),
(10, 0x6e6f6465, 8, 1, 0, 0x666f72756d, 0x656469744f776e5468726561645469746c65, 'content_allow', 0),
(11, 0x6e6f6465, 8, 1, 0, 0x666f72756d, 0x64656c6574654f776e546872656164, 'content_allow', 0),
(12, 0x6e6f6465, 8, 1, 0, 0x666f72756d, 0x766965774174746163686d656e74, 'content_allow', 0),
(13, 0x6e6f6465, 8, 1, 0, 0x666f72756d, 0x75706c6f61644174746163686d656e74, 'content_allow', 0),
(14, 0x6e6f6465, 8, 1, 0, 0x666f72756d, 0x766f7465506f6c6c, 'content_allow', 0),
(15, 0x6e6f6465, 8, 1, 0, 0x666f72756d, 0x737469636b556e737469636b546872656164, 'content_allow', 0),
(16, 0x6e6f6465, 8, 1, 0, 0x666f72756d, 0x6c6f636b556e6c6f636b546872656164, 'content_allow', 0),
(17, 0x6e6f6465, 8, 1, 0, 0x666f72756d, 0x6d616e616765416e79546872656164, 'content_allow', 0),
(18, 0x6e6f6465, 8, 1, 0, 0x666f72756d, 0x64656c657465416e79546872656164, 'content_allow', 0),
(19, 0x6e6f6465, 8, 1, 0, 0x666f72756d, 0x6861726444656c657465416e79546872656164, 'content_allow', 0),
(20, 0x6e6f6465, 8, 1, 0, 0x666f72756d, 0x7468726561645265706c7942616e, 'content_allow', 0),
(21, 0x6e6f6465, 8, 1, 0, 0x666f72756d, 0x65646974416e79506f7374, 'content_allow', 0),
(22, 0x6e6f6465, 8, 1, 0, 0x666f72756d, 0x64656c657465416e79506f7374, 'content_allow', 0),
(23, 0x6e6f6465, 8, 1, 0, 0x666f72756d, 0x6861726444656c657465416e79506f7374, 'content_allow', 0),
(24, 0x6e6f6465, 8, 1, 0, 0x666f72756d, 0x7761726e, 'content_allow', 0),
(25, 0x6e6f6465, 8, 1, 0, 0x666f72756d, 0x7669657744656c65746564, 'content_allow', 0),
(26, 0x6e6f6465, 8, 1, 0, 0x666f72756d, 0x766965774d6f64657261746564, 'content_allow', 0),
(27, 0x6e6f6465, 8, 1, 0, 0x666f72756d, 0x756e64656c657465, 'content_allow', 0),
(28, 0x6e6f6465, 8, 1, 0, 0x666f72756d, 0x617070726f7665556e617070726f7665, 'content_allow', 0),
(29, 0x6e6f6465, 8, 0, 1, 0x67656e6572616c, 0x766965774e6f6465, 'content_allow', 0),
(30, 0x6e6f6465, 8, 0, 1, 0x666f72756d, 0x766965774f7468657273, 'content_allow', 0),
(31, 0x6e6f6465, 8, 0, 1, 0x666f72756d, 0x76696577436f6e74656e74, 'content_allow', 0),
(32, 0x6e6f6465, 8, 0, 1, 0x666f72756d, 0x6c696b65, 'content_allow', 0),
(33, 0x6e6f6465, 8, 0, 1, 0x666f72756d, 0x706f7374546872656164, 'content_allow', 0),
(34, 0x6e6f6465, 8, 0, 1, 0x666f72756d, 0x706f73745265706c79, 'content_allow', 0),
(35, 0x6e6f6465, 8, 0, 1, 0x666f72756d, 0x64656c6574654f776e506f7374, 'content_allow', 0),
(36, 0x6e6f6465, 8, 0, 1, 0x666f72756d, 0x656469744f776e506f7374, 'content_allow', 0),
(37, 0x6e6f6465, 8, 0, 1, 0x666f72756d, 0x656469744f776e506f737454696d654c696d6974, 'use_int', -1),
(38, 0x6e6f6465, 8, 0, 1, 0x666f72756d, 0x656469744f776e5468726561645469746c65, 'content_allow', 0),
(39, 0x6e6f6465, 8, 0, 1, 0x666f72756d, 0x64656c6574654f776e546872656164, 'content_allow', 0),
(40, 0x6e6f6465, 8, 0, 1, 0x666f72756d, 0x766965774174746163686d656e74, 'content_allow', 0),
(41, 0x6e6f6465, 8, 0, 1, 0x666f72756d, 0x75706c6f61644174746163686d656e74, 'content_allow', 0),
(42, 0x6e6f6465, 8, 0, 1, 0x666f72756d, 0x766f7465506f6c6c, 'content_allow', 0),
(43, 0x6e6f6465, 8, 0, 1, 0x666f72756d, 0x737469636b556e737469636b546872656164, 'content_allow', 0),
(44, 0x6e6f6465, 8, 0, 1, 0x666f72756d, 0x6c6f636b556e6c6f636b546872656164, 'content_allow', 0),
(45, 0x6e6f6465, 8, 0, 1, 0x666f72756d, 0x6d616e616765416e79546872656164, 'content_allow', 0),
(46, 0x6e6f6465, 8, 0, 1, 0x666f72756d, 0x64656c657465416e79546872656164, 'content_allow', 0),
(47, 0x6e6f6465, 8, 0, 1, 0x666f72756d, 0x6861726444656c657465416e79546872656164, 'content_allow', 0),
(48, 0x6e6f6465, 8, 0, 1, 0x666f72756d, 0x7468726561645265706c7942616e, 'content_allow', 0),
(49, 0x6e6f6465, 8, 0, 1, 0x666f72756d, 0x65646974416e79506f7374, 'content_allow', 0),
(50, 0x6e6f6465, 8, 0, 1, 0x666f72756d, 0x64656c657465416e79506f7374, 'content_allow', 0),
(51, 0x6e6f6465, 8, 0, 1, 0x666f72756d, 0x6861726444656c657465416e79506f7374, 'content_allow', 0),
(52, 0x6e6f6465, 8, 0, 1, 0x666f72756d, 0x7761726e, 'content_allow', 0),
(53, 0x6e6f6465, 8, 0, 1, 0x666f72756d, 0x7669657744656c65746564, 'content_allow', 0),
(54, 0x6e6f6465, 8, 0, 1, 0x666f72756d, 0x766965774d6f64657261746564, 'content_allow', 0),
(55, 0x6e6f6465, 8, 0, 1, 0x666f72756d, 0x756e64656c657465, 'content_allow', 0),
(56, 0x6e6f6465, 8, 0, 1, 0x666f72756d, 0x617070726f7665556e617070726f7665, 'content_allow', 0);

-- --------------------------------------------------------

--
-- Table structure for table `nv4_forum_permission_group`
--

CREATE TABLE `nv4_forum_permission_group` (
  `permission_group_id` varbinary(25) NOT NULL,
  `addon_id` varbinary(25) NOT NULL DEFAULT ''
) ENGINE=InnoDB DEFAULT CHARSET=utf8;

--
-- Dumping data for table `nv4_forum_permission_group`
--

INSERT INTO `nv4_forum_permission_group` (`permission_group_id`, `addon_id`) VALUES
(0x617661746172, 0x58656e466f726f),
(0x636f6e766572736174696f6e, 0x58656e466f726f),
(0x666f72756d, 0x58656e466f726f),
(0x67656e6572616c, 0x58656e466f726f),
(0x70726f66696c65506f7374, 0x58656e466f726f),
(0x7369676e6174757265, 0x58656e466f726f);

-- --------------------------------------------------------

--
-- Table structure for table `nv4_forum_permission_interface_group`
--

CREATE TABLE `nv4_forum_permission_interface_group` (
  `interface_group_id` varbinary(50) NOT NULL,
  `display_order` int(10) UNSIGNED NOT NULL,
  `addon_id` varbinary(25) NOT NULL DEFAULT ''
) ENGINE=InnoDB DEFAULT CHARSET=utf8;

--
-- Dumping data for table `nv4_forum_permission_interface_group`
--

INSERT INTO `nv4_forum_permission_interface_group` (`interface_group_id`, `display_order`, `addon_id`) VALUES
(0x6176617461725065726d697373696f6e73, 30, 0x58656e466f726f),
(0x636f6e766572736174696f6e4d6f64657261746f725065726d697373696f6e73, 105, 0x58656e466f726f),
(0x636f6e766572736174696f6e5065726d697373696f6e73, 100, 0x58656e466f726f),
(0x666f72756d4d6f64657261746f725065726d697373696f6e73, 11, 0x58656e466f726f),
(0x666f72756d5065726d697373696f6e73, 10, 0x58656e466f726f),
(0x67656e6572616c4d6f64657261746f725065726d697373696f6e73, 5, 0x58656e466f726f),
(0x67656e6572616c5065726d697373696f6e73, 1, 0x58656e466f726f),
(0x70726f66696c65506f73744d6f64657261746f725065726d697373696f6e73, 205, 0x58656e466f726f),
(0x70726f66696c65506f73745065726d697373696f6e73, 200, 0x58656e466f726f),
(0x7369676e61747572655065726d697373696f6e73, 110, 0x58656e466f726f);

-- --------------------------------------------------------

--
-- Table structure for table `nv4_forum_post`
--

CREATE TABLE `nv4_forum_post` (
  `post_id` int(10) UNSIGNED NOT NULL,
  `thread_id` int(10) UNSIGNED NOT NULL,
  `user_id` int(10) UNSIGNED NOT NULL,
  `username` varchar(50) NOT NULL,
  `post_date` int(10) UNSIGNED NOT NULL,
  `message` mediumtext NOT NULL,
  `ip_id` int(10) UNSIGNED NOT NULL DEFAULT '0',
  `message_state` enum('visible','moderated','deleted') NOT NULL DEFAULT 'visible',
  `attach_count` smallint(5) UNSIGNED NOT NULL DEFAULT '0',
  `position` int(10) UNSIGNED NOT NULL,
  `likes` int(10) UNSIGNED NOT NULL DEFAULT '0',
  `like_users` blob NOT NULL,
  `warning_id` int(10) UNSIGNED NOT NULL DEFAULT '0',
  `warning_message` varchar(250) NOT NULL DEFAULT '',
  `last_edit_date` int(10) UNSIGNED NOT NULL DEFAULT '0',
  `last_edit_user_id` int(10) UNSIGNED NOT NULL DEFAULT '0',
  `edit_count` int(10) UNSIGNED NOT NULL DEFAULT '0'
) ENGINE=InnoDB DEFAULT CHARSET=utf8;

-- --------------------------------------------------------

--
-- Table structure for table `nv4_forum_post_history`
--

CREATE TABLE `nv4_forum_post_history` (
  `edit_history_id` int(10) UNSIGNED NOT NULL,
  `content_type` varbinary(25) NOT NULL,
  `content_id` int(10) UNSIGNED NOT NULL,
  `edit_user_id` int(10) UNSIGNED NOT NULL,
  `edit_date` int(10) UNSIGNED NOT NULL,
  `old_text` mediumtext NOT NULL
) ENGINE=InnoDB DEFAULT CHARSET=utf8;

-- --------------------------------------------------------

--
-- Table structure for table `nv4_forum_thread`
--

CREATE TABLE `nv4_forum_thread` (
  `thread_id` int(10) UNSIGNED NOT NULL,
  `category_id` int(10) UNSIGNED NOT NULL,
  `title` varchar(150) NOT NULL,
  `reply_count` int(10) UNSIGNED NOT NULL DEFAULT '0',
  `view_count` int(10) UNSIGNED NOT NULL DEFAULT '0',
  `user_id` int(10) UNSIGNED NOT NULL,
  `username` varchar(50) NOT NULL,
  `post_date` int(10) UNSIGNED NOT NULL,
  `sticky` tinyint(3) UNSIGNED NOT NULL DEFAULT '0',
  `discussion_state` enum('visible','moderated','deleted') NOT NULL DEFAULT 'visible',
  `discussion_open` tinyint(3) UNSIGNED NOT NULL DEFAULT '1',
  `discussion_type` varchar(25) NOT NULL DEFAULT '',
  `first_post_id` int(10) UNSIGNED NOT NULL,
  `first_post_likes` int(10) UNSIGNED NOT NULL DEFAULT '0',
  `last_post_date` int(10) UNSIGNED NOT NULL,
  `last_post_id` int(10) UNSIGNED NOT NULL,
  `last_post_page` int(11) UNSIGNED NOT NULL DEFAULT '0',
  `last_post_user_id` int(10) UNSIGNED NOT NULL,
  `last_post_username` varchar(50) NOT NULL,
  `prefix_id` int(10) UNSIGNED NOT NULL DEFAULT '0'
) ENGINE=InnoDB DEFAULT CHARSET=utf8;

-- --------------------------------------------------------

--
-- Table structure for table `nv4_forum_thread_user_post`
--

CREATE TABLE `nv4_forum_thread_user_post` (
  `thread_id` int(10) UNSIGNED NOT NULL DEFAULT '0',
  `user_id` int(10) UNSIGNED NOT NULL DEFAULT '0',
  `post_count` int(10) UNSIGNED NOT NULL DEFAULT '0'
) ENGINE=InnoDB DEFAULT CHARSET=utf8;

-- --------------------------------------------------------

--
-- Table structure for table `nv4_forum_thread_watch`
--

CREATE TABLE `nv4_forum_thread_watch` (
  `user_id` int(10) UNSIGNED NOT NULL,
  `thread_id` int(10) UNSIGNED NOT NULL,
  `sendmail` tinyint(3) UNSIGNED NOT NULL DEFAULT '0',
  `token` varchar(50) NOT NULL DEFAULT ''
) ENGINE=InnoDB DEFAULT CHARSET=utf8;

--
-- Indexes for dumped tables
--

--
-- Indexes for table `nv4_forum_forum`
--
ALTER TABLE `nv4_forum_forum`
  ADD PRIMARY KEY (`node_id`);

--
-- Indexes for table `nv4_forum_forum_prefix`
--
ALTER TABLE `nv4_forum_forum_prefix`
  ADD PRIMARY KEY (`node_id`,`prefix_id`),
  ADD KEY `prefix_id` (`prefix_id`);

--
-- Indexes for table `nv4_forum_forum_read`
--
ALTER TABLE `nv4_forum_forum_read`
  ADD PRIMARY KEY (`forum_read_id`),
  ADD UNIQUE KEY `user_id_node_id` (`user_id`,`node_id`),
  ADD KEY `node_id` (`node_id`),
  ADD KEY `forum_read_date` (`forum_read_date`);

--
-- Indexes for table `nv4_forum_forum_watch`
--
ALTER TABLE `nv4_forum_forum_watch`
  ADD PRIMARY KEY (`user_id`,`node_id`),
  ADD KEY `node_id_notify_on` (`node_id`,`notify_on`);

--
-- Indexes for table `nv4_forum_link_forum`
--
ALTER TABLE `nv4_forum_link_forum`
  ADD PRIMARY KEY (`node_id`);

--
-- Indexes for table `nv4_forum_moderator`
--
ALTER TABLE `nv4_forum_moderator`
  ADD PRIMARY KEY (`user_id`);

--
-- Indexes for table `nv4_forum_moderator_content`
--
ALTER TABLE `nv4_forum_moderator_content`
  ADD PRIMARY KEY (`moderator_id`),
  ADD UNIQUE KEY `content_user_id` (`content_type`,`content_id`,`user_id`),
  ADD KEY `user_id` (`user_id`);

--
-- Indexes for table `nv4_forum_moderator_log`
--
ALTER TABLE `nv4_forum_moderator_log`
  ADD PRIMARY KEY (`moderator_log_id`),
  ADD KEY `log_date` (`log_date`),
  ADD KEY `content_type_id` (`content_type`,`content_id`),
  ADD KEY `discussion_content_type_id` (`discussion_content_type`,`discussion_content_id`),
  ADD KEY `user_id_log_date` (`user_id`,`log_date`);

--
-- Indexes for table `nv4_forum_node`
--
ALTER TABLE `nv4_forum_node`
  ADD PRIMARY KEY (`node_id`),
  ADD UNIQUE KEY `alias` (`alias`),
  ADD KEY `parent_id` (`parent_id`);

--
-- Indexes for table `nv4_forum_permission`
--
ALTER TABLE `nv4_forum_permission`
  ADD PRIMARY KEY (`permission_id`,`permission_group_id`),
  ADD KEY `display_order` (`display_order`);

--
-- Indexes for table `nv4_forum_permission_cache_content`
--
ALTER TABLE `nv4_forum_permission_cache_content`
  ADD PRIMARY KEY (`permission_combination_id`,`content_type`,`content_id`);

--
-- Indexes for table `nv4_forum_permission_combination`
--
ALTER TABLE `nv4_forum_permission_combination`
  ADD PRIMARY KEY (`permission_combination_id`),
  ADD KEY `user_id` (`user_id`);

--
-- Indexes for table `nv4_forum_permission_combination_user_group`
--
ALTER TABLE `nv4_forum_permission_combination_user_group`
  ADD PRIMARY KEY (`user_group_id`,`permission_combination_id`),
  ADD KEY `permission_combination_id` (`permission_combination_id`);

--
-- Indexes for table `nv4_forum_permission_entry`
--
ALTER TABLE `nv4_forum_permission_entry`
  ADD PRIMARY KEY (`permission_entry_id`),
  ADD UNIQUE KEY `unique_permission` (`user_group_id`,`user_id`,`permission_group_id`,`permission_id`);

--
-- Indexes for table `nv4_forum_permission_entry_content`
--
ALTER TABLE `nv4_forum_permission_entry_content`
  ADD PRIMARY KEY (`permission_entry_id`),
  ADD UNIQUE KEY `user_group_id_unique` (`user_group_id`,`user_id`,`content_type`,`content_id`,`permission_group_id`,`permission_id`),
  ADD KEY `content_type_content_id` (`content_type`,`content_id`);

--
-- Indexes for table `nv4_forum_permission_group`
--
ALTER TABLE `nv4_forum_permission_group`
  ADD PRIMARY KEY (`permission_group_id`);

--
-- Indexes for table `nv4_forum_permission_interface_group`
--
ALTER TABLE `nv4_forum_permission_interface_group`
  ADD PRIMARY KEY (`interface_group_id`),
  ADD KEY `display_order` (`display_order`);

--
-- Indexes for table `nv4_forum_post`
--
ALTER TABLE `nv4_forum_post`
  ADD PRIMARY KEY (`post_id`),
  ADD KEY `thread_id_post_date` (`thread_id`,`post_date`),
  ADD KEY `thread_id_position` (`thread_id`,`position`),
  ADD KEY `user_id` (`user_id`);

--
-- Indexes for table `nv4_forum_post_history`
--
ALTER TABLE `nv4_forum_post_history`
  ADD PRIMARY KEY (`edit_history_id`),
  ADD KEY `content_type` (`content_type`,`content_id`,`edit_date`),
  ADD KEY `edit_date` (`edit_date`);

--
-- Indexes for table `nv4_forum_thread`
--
ALTER TABLE `nv4_forum_thread`
  ADD PRIMARY KEY (`thread_id`),
  ADD KEY `node_id_last_post_date` (`category_id`,`last_post_date`),
  ADD KEY `node_id_sticky_last_post_date` (`category_id`,`sticky`,`last_post_date`),
  ADD KEY `last_post_date` (`last_post_date`);

--
-- Indexes for table `nv4_forum_thread_user_post`
--
ALTER TABLE `nv4_forum_thread_user_post`
  ADD PRIMARY KEY (`thread_id`,`user_id`),
  ADD KEY `user_id` (`user_id`);

--
-- Indexes for table `nv4_forum_thread_watch`
--
ALTER TABLE `nv4_forum_thread_watch`
  ADD PRIMARY KEY (`user_id`,`thread_id`),
  ADD KEY `thread_id_sendmail` (`thread_id`,`sendmail`);

--
-- AUTO_INCREMENT for dumped tables
--

--
-- AUTO_INCREMENT for table `nv4_forum_forum_read`
--
ALTER TABLE `nv4_forum_forum_read`
  MODIFY `forum_read_id` int(10) UNSIGNED NOT NULL AUTO_INCREMENT;
--
-- AUTO_INCREMENT for table `nv4_forum_moderator_content`
--
ALTER TABLE `nv4_forum_moderator_content`
  MODIFY `moderator_id` int(10) UNSIGNED NOT NULL AUTO_INCREMENT;
--
-- AUTO_INCREMENT for table `nv4_forum_moderator_log`
--
ALTER TABLE `nv4_forum_moderator_log`
  MODIFY `moderator_log_id` int(10) UNSIGNED NOT NULL AUTO_INCREMENT;
--
-- AUTO_INCREMENT for table `nv4_forum_node`
--
ALTER TABLE `nv4_forum_node`
  MODIFY `node_id` mediumint(8) UNSIGNED NOT NULL AUTO_INCREMENT, AUTO_INCREMENT=14;
--
-- AUTO_INCREMENT for table `nv4_forum_permission_combination`
--
ALTER TABLE `nv4_forum_permission_combination`
  MODIFY `permission_combination_id` int(10) UNSIGNED NOT NULL AUTO_INCREMENT, AUTO_INCREMENT=7;
--
-- AUTO_INCREMENT for table `nv4_forum_permission_entry`
--
ALTER TABLE `nv4_forum_permission_entry`
  MODIFY `permission_entry_id` int(10) UNSIGNED NOT NULL AUTO_INCREMENT, AUTO_INCREMENT=110;
--
-- AUTO_INCREMENT for table `nv4_forum_permission_entry_content`
--
ALTER TABLE `nv4_forum_permission_entry_content`
  MODIFY `permission_entry_id` int(10) UNSIGNED NOT NULL AUTO_INCREMENT, AUTO_INCREMENT=57;
--
-- AUTO_INCREMENT for table `nv4_forum_post`
--
ALTER TABLE `nv4_forum_post`
  MODIFY `post_id` int(10) UNSIGNED NOT NULL AUTO_INCREMENT;
--
-- AUTO_INCREMENT for table `nv4_forum_post_history`
--
ALTER TABLE `nv4_forum_post_history`
  MODIFY `edit_history_id` int(10) UNSIGNED NOT NULL AUTO_INCREMENT;
--
-- AUTO_INCREMENT for table `nv4_forum_thread`
--
ALTER TABLE `nv4_forum_thread`
  MODIFY `thread_id` int(10) UNSIGNED NOT NULL AUTO_INCREMENT;
/*!40101 SET CHARACTER_SET_CLIENT=@OLD_CHARACTER_SET_CLIENT */;
/*!40101 SET CHARACTER_SET_RESULTS=@OLD_CHARACTER_SET_RESULTS */;
/*!40101 SET COLLATION_CONNECTION=@OLD_COLLATION_CONNECTION */;
